uuid;default;account_amount_added_12_24m;account_days_in_dc_12_24m;account_days_in_rem_12_24m;account_days_in_term_12_24m;account_incoming_debt_vs_paid_0_24m;account_status;account_worst_status_0_3m;account_worst_status_12_24m;account_worst_status_3_6m;account_worst_status_6_12m;age;avg_payment_span_0_12m;avg_payment_span_0_3m;merchant_category;merchant_group;has_paid;max_paid_inv_0_12m;max_paid_inv_0_24m;name_in_email;num_active_div_by_paid_inv_0_12m;num_active_inv;num_arch_dc_0_12m;num_arch_dc_12_24m;num_arch_ok_0_12m;num_arch_ok_12_24m;num_arch_rem_0_12m;num_arch_written_off_0_12m;num_arch_written_off_12_24m;num_unpaid_bills;status_last_archived_0_24m;status_2nd_last_archived_0_24m;status_3rd_last_archived_0_24m;status_max_archived_0_6_months;status_max_archived_0_12_months;status_max_archived_0_24_months;recovery_debt;sum_capital_paid_account_0_12m;sum_capital_paid_account_12_24m;sum_paid_inv_0_12m;time_hours;worst_status_active_inv
63f69b2c-8b1c-4740-b78d-52ed9a4515ac;0;0;0;0;0;0;1;1;NA;1;NA;20;12.6923076923;8.3333333333;Dietary supplements;Health & Beauty;TRUE;31638;31638;no_match;0.1538461538;2;0;0;13;14;0;0;0;2;1;1;1;1;1;1;0;0;0;178839;9.6533333333;1
0e961183-8c15-4470-9a5e-07a1bd207661;0;0;0;0;0;NA;1;1;1;1;1;50;25.8333333333;25;Books & Magazines;Entertainment;TRUE;13749;13749;F+L;0;0;0;0;9;19;3;0;0;0;1;1;1;1;2;2;0;0;0;49014;13.1813888889;NA
d8edaae6-4368-44e0-941e-8328f203e64e;0;0;0;0;0;NA;NA;NA;NA;NA;NA;22;20;18;Diversified entertainment;Entertainment;TRUE;29890;29890;L1+F;0.0714285714;1;0;0;11;0;3;0;0;1;1;1;1;1;2;2;0;0;0;124839;11.5619444444;1
0095dfb6-a886-4e2a-b056-15ef45fdb0ef;0;0;NA;NA;NA;NA;NA;NA;NA;NA;NA;36;4.6875;4.8888888889;Diversified entertainment;Entertainment;TRUE;40040;40040;F1+L;0.03125;1;0;0;31;21;0;0;0;1;1;1;1;1;1;1;0;0;0;324676;15.7511111111;1
c8f8b835-5647-4506-bf15-49105d8af30b;0;0;0;0;0;NA;NA;NA;NA;NA;NA;25;13;13;Electronic equipment & Related accessories;Electronics;TRUE;7100;7100;F+L;0;0;0;0;1;0;0;0;0;0;1;0;0;1;1;1;0;0;0;7100;12.6986111111;NA
0c266e3c-910f-49c1-af6f-32b7c492eb58;0;0;0;0;0;NA;NA;NA;NA;NA;NA;18;NA;NA;Dietary supplements;Health & Beauty;FALSE;0;0;L1+F;NA;0;0;0;0;0;0;NA;NA;0;0;0;0;0;0;0;0;0;0;0;18.3283333333;NA
29b7e418-f057-44fc-8d5c-50015b5a5856;0;0;0;142;0;0;1;2;2;1;3;49;3;3;Concept stores & Miscellaneous;Leisure, Sport & Hobby;TRUE;2373;2373;L1+F;0;0;0;0;1;0;0;0;0;0;1;0;0;1;1;1;0;18760;8337;2373;10.2444444444;NA
575cebe3-2807-4dcb-8047-cf4ca9476a4d;0;57229;0;0;0;0.232244231;1;1;1;1;1;34;26.9302325581;25.8666666667;Diversified entertainment;Entertainment;TRUE;8655;9645;F;0.0833333333;20;0;0;215;257;0;0;0;37;1;1;1;1;1;1;0;42206;35336;457257;12.1927777778;1
320f1544-064f-4568-a5f0-4ed54e91483a;0;148922;0;47;0;0.969055089;1;2;2;2;2;40;33.7272727273;37.5714285714;Diversified entertainment;Entertainment;TRUE;6075;9090;Nick;0.8181818182;9;0;0;3;2;3;0;0;23;1;2;2;2;2;2;0;104643;32381;24390;21.4111111111;1
d483d718-eace-4685-ace2-c0579911f196;0;0;0;0;0;NA;NA;NA;NA;NA;NA;47;21;21.25;Diversified entertainment;Entertainment;TRUE;36985;36985;Nick;0;0;0;0;5;10;0;0;0;0;1;1;1;1;1;1;0;0;0;78620;13.3408333333;NA
c4219784-3375-4376-bb92-425be92a2144;0;0;0;0;0;NA;NA;NA;NA;NA;NA;54;NA;NA;Concept stores & Miscellaneous;Leisure, Sport & Hobby;FALSE;0;0;F+L;NA;0;0;0;0;0;0;NA;NA;0;0;0;0;0;0;0;0;0;0;0;18.4286111111;NA
4f39ff19-6ee4-4944-b8f1-bd075392cbfc;0;0;NA;NA;NA;NA;NA;NA;NA;NA;NA;21;NA;NA;Diversified entertainment;Entertainment;FALSE;0;0;F+L;NA;0;0;0;0;0;0;NA;NA;0;0;0;0;0;0;0;0;0;0;0;11.9486111111;NA
680194d7-598d-45f1-97b9-d1adf0fced8e;0;11205;0;0;0;0;1;2;1;1;1;53;13;NA;Diversified entertainment;Entertainment;TRUE;6180;21080;L1+F;0;0;0;0;3;9;0;0;0;0;1;1;1;0;1;1;0;2875;11160;11755;18.9097222222;NA
d67ded0b-7794-42a8-9c4f-9579e9f88830;0;0;0;0;0;NA;NA;NA;NA;NA;NA;22;9.4;8.5;Youthful Shoes & Clothing;Clothing & Shoes;TRUE;5580;5580;F+L;0;0;0;0;5;0;0;0;0;0;1;1;1;1;1;1;0;0;0;16811;20.0897222222;NA
1ac77955-5cda-499a-a9c7-86bd81bf98f8;0;0;0;0;0;NA;NA;NA;NA;NA;NA;27;9.6;NA;General Shoes & Clothing;Clothing & Shoes;TRUE;12265;12265;F+L;0;0;0;0;5;1;0;0;0;0;1;1;1;1;1;1;0;0;0;33532;12.1597222222;NA
57eb4443-e99c-497b-8031-8a30509bafcb;0;0;0;0;0;NA;NA;NA;NA;NA;NA;57;NA;NA;Books & Magazines;Entertainment;FALSE;0;0;F;NA;0;0;0;0;0;0;NA;NA;0;0;0;0;0;0;0;0;0;0;0;18.3183333333;NA
81b1b877-43b0-437f-b5f2-37faa9487264;0;0;0;0;0;NA;NA;NA;NA;NA;NA;62;NA;NA;Prints & Photos;Leisure, Sport & Hobby;FALSE;0;0;L1+F;NA;0;0;0;0;0;0;NA;NA;0;0;0;0;0;0;0;0;0;0;0;14.8833333333;NA
99f26027-f7c9-4ce8-8dcc-440c0ff17bd3;0;0;NA;NA;NA;NA;NA;NA;NA;NA;NA;29;27.5;39;Books & Magazines;Entertainment;TRUE;6010;6010;F+L;0;0;0;0;3;1;1;0;0;0;2;1;1;2;2;2;0;0;0;17670;19.6866666667;NA
b4db28d7-4188-4d25-b52b-54d7dae2c595;0;0;0;0;0;NA;NA;NA;NA;NA;NA;37;12;12.6666666667;General Shoes & Clothing;Clothing & Shoes;TRUE;3785;4485;L1+F;0;0;0;0;22;21;0;0;0;0;1;1;1;1;1;1;0;0;0;41451;19.8994444444;NA
4c3d01d5-c3b7-4577-a169-1198894ae461;0;0;0;0;0;NA;NA;NA;NA;NA;NA;19;6.8;6.75;Diversified entertainment;Entertainment;TRUE;7290;7290;no_match;0;0;0;0;5;0;0;0;0;0;1;1;1;1;1;1;0;0;0;21677;10.4891666667;NA
d68c5e67-da3c-41f8-8473-b45842e401b5;0;0;0;0;0;0.0006969127;1;1;NA;1;1;26;18.6666666667;5;Youthful Shoes & Clothing;Clothing & Shoes;TRUE;4640;27319;L1+F;2;6;0;0;2;5;1;0;0;7;1;2;1;1;2;2;0;10960;0;13570;11.4855555556;1
454ac350-12c9-4db5-b1cd-930035b50f10;0;3529;0;0;0;0;1;1;1;1;1;65;18;16.5;General Shoes & Clothing;Clothing & Shoes;TRUE;3460;3460;F+L;0;0;0;0;6;2;0;0;0;0;1;1;1;1;1;2;0;3480;0;14090;15.3447222222;NA
0714405e-0328-43f9-9be2-63df4c79b4c2;0;0;NA;NA;NA;NA;NA;NA;NA;NA;NA;23;77.5;NA;Youthful Shoes & Clothing;Clothing & Shoes;TRUE;13658;13658;F1+L;0.3333333333;1;2;0;0;5;0;0;0;1;3;3;2;0;3;3;0;0;0;25417;22.7102777778;1
74c73bef-ceaa-43fa-93da-d5eb5b5c69f5;0;0;0;0;0;NA;NA;NA;NA;NA;NA;29;17.8;NA;Diversified children products;Children Products;TRUE;19772;19772;L1+F;0;0;0;0;4;6;1;0;0;0;1;1;1;0;2;2;0;0;0;35802;13.3627777778;NA
c8309dc8-4c77-42b1-8adb-240bd6907a95;0;0;0;0;0;NA;NA;NA;NA;NA;NA;70;5.875;3;Diversified entertainment;Entertainment;TRUE;3380;3790;F;0;0;0;0;8;6;0;0;0;0;1;1;1;1;1;1;0;0;0;14010;20.2652777778;NA
3318bd21-2878-4f72-a98d-0a98aee326d4;0;0;0;0;0;NA;NA;NA;NA;NA;NA;23;NA;NA;Diversified entertainment;Entertainment;FALSE;0;0;L1+F;NA;0;0;0;0;0;0;NA;NA;0;0;0;0;0;0;0;0;0;0;0;9.6686111111;NA
e0fcd3ce-4b59-44dd-b427-c87f32e1de76;0;0;0;0;0;0.0109375;1;1;NA;1;1;58;NA;NA;Pet supplies;Home & Garden;TRUE;895;6833;L1+F;NA;1;0;0;0;1;0;0;0;2;1;0;0;0;0;1;0;7389;0;1790;14.0022222222;1
0675c0c8-5b2f-4560-bd48-88e0693804d4;0;15122;0;0;0;0.0034348706;1;1;1;1;1;55;14.7647058824;15.4;Diversified entertainment;Entertainment;TRUE;18769;18769;Nick;0;0;0;0;17;7;0;0;0;1;1;1;1;1;1;2;0;16408;15050;140536;17.2283333333;NA
34f6b5fa-a68c-4823-886c-492cdf8bc6e8;0;0;0;0;0;NA;NA;NA;NA;NA;NA;62;NA;NA;Books & Magazines;Entertainment;TRUE;0;0;F+L;NA;0;0;0;0;0;0;NA;NA;0;0;0;0;0;0;0;0;0;0;0;16.3402777778;NA
511785c3-782e-46df-b5c9-15f9c8f570dc;0;0;0;0;0;NA;NA;NA;NA;NA;NA;18;5.5;1;Youthful Shoes & Clothing;Clothing & Shoes;TRUE;5595;6790;F+L;0;0;0;0;2;8;0;0;0;0;1;1;1;1;1;2;0;0;0;10175;20.1525;NA
4c739526-1973-4ff3-a1d8-cd067545f8bf;0;0;0;0;0;NA;NA;NA;NA;NA;NA;18;NA;NA;Diversified entertainment;Entertainment;FALSE;0;0;L1+F;NA;0;0;0;0;0;0;NA;NA;0;0;0;0;0;0;0;0;0;0;0;23.4947222222;NA
d65ba8e3-6de1-42ee-beef-47ef10f1f0b9;0;0;0;0;0;NA;1;1;NA;NA;NA;29;NA;NA;Books & Magazines;Entertainment;FALSE;0;0;F+L;NA;0;0;0;0;0;0;NA;NA;1;0;0;0;0;0;0;0;0;0;0;17.9888888889;NA
d44bed31-e12e-4433-971b-9e8487013626;0;0;0;0;0;NA;NA;NA;NA;NA;NA;36;NA;NA;Diversified entertainment;Entertainment;FALSE;0;0;F+L;NA;0;0;0;0;0;0;NA;NA;0;0;0;0;0;0;0;0;0;0;0;16.0319444444;NA
7a225c97-100e-4eb8-b431-2c45013d3dbe;0;0;0;0;0;8.1872146119;1;1;NA;1;1;35;3.8035714286;2;Diversified entertainment;Entertainment;TRUE;25290;66910;Nick;0.0172413793;1;0;0;56;55;0;0;0;2;1;1;1;1;1;2;0;135;0;222034;17.8497222222;1
0875b2ed-2187-4e5f-9c64-94f8e04b4806;0;0;0;0;0;NA;NA;NA;NA;NA;NA;27;NA;NA;Books & Magazines;Entertainment;FALSE;0;0;no_match;NA;0;0;0;0;0;0;NA;NA;0;0;0;0;0;0;0;0;0;0;0;21.35;NA
4b697f06-5c68-443a-a09b-cb5023e3b3aa;0;0;0;0;0;0;1;1;1;2;1;42;18.1;12;Diversified Home & Garden products;Home & Garden;TRUE;155000;155000;F1+L;0;0;0;0;9;8;1;0;0;0;1;1;1;1;2;2;0;7436;0;202485;20.8313888889;NA
91ff473c-a0c1-4640-b591-0294745fb12c;0;0;NA;NA;NA;NA;NA;NA;NA;NA;NA;38;15.5;NA;Diversified entertainment;Entertainment;TRUE;4480;4480;F+L;0;0;0;0;2;0;0;0;0;0;1;1;2;0;1;2;0;0;0;6275;13.0877777778;NA
0ae2da9a-143c-42e0-9c85-0319d8544de8;0;0;NA;NA;NA;NA;NA;NA;NA;NA;NA;46;26.5;NA;Diversified entertainment;Entertainment;TRUE;13495;13495;F+L;0;0;0;0;8;9;2;0;0;0;1;1;1;1;2;2;0;0;0;41110;13.9675;NA
335b71f7-5a99-46de-a11d-c3c5f39b0bd7;0;0;NA;NA;NA;NA;NA;NA;NA;NA;NA;21;6.1666666667;8.3333333333;Sports gear & Outdoor;Leisure, Sport & Hobby;TRUE;11385;11385;F+L;0.5;3;0;0;6;1;0;0;0;3;1;1;1;1;1;1;0;0;0;30842;16.9508333333;1
b4954376-7407-4dd5-b801-d3d9c95797f3;0;0;0;0;0;NA;NA;NA;NA;NA;NA;23;12.1666666667;10;Diversified entertainment;Entertainment;TRUE;14609;14609;no_match;0;0;0;0;6;7;0;0;0;0;1;1;1;1;1;2;0;0;0;47998;9.6544444444;NA
7c28b250-0e91-4e2f-bac7-cd33957de446;0;0;0;0;0;NA;NA;NA;NA;NA;NA;59;13;13;Electronic equipment & Related accessories;Electronics;TRUE;2680;2680;no_match;0;0;0;0;1;0;0;0;0;0;1;0;0;1;1;1;0;0;0;2680;13.7747222222;NA
20c8d24e-a24f-4d5e-9b2b-8f54e2ad5e75;0;103632;0;0;0;0.2892613607;1;1;1;1;1;39;8.6666666667;4;Diversified entertainment;Entertainment;TRUE;1885;11480;F+L;0;0;0;0;3;2;0;0;0;5;1;1;1;1;1;1;0;65313;15908;5370;19.5725;NA
7df7594f-6596-41e8-a1b8-798850751faa;0;0;0;0;0;NA;NA;NA;NA;NA;NA;49;NA;NA;Sports gear & Outdoor;Leisure, Sport & Hobby;FALSE;0;0;L1+F;NA;0;0;0;0;0;0;NA;NA;0;0;0;0;0;0;0;0;0;0;0;17.845;NA
5b193c96-aa51-426c-b609-476feae93075;0;0;0;0;0;NA;NA;NA;NA;NA;NA;28;21.1428571429;14;Diversified entertainment;Entertainment;TRUE;39195;39195;F+L;0;0;0;0;5;5;2;0;0;0;1;1;1;1;2;2;0;0;0;77914;16.9113888889;NA
14fb05f2-8cb5-4366-9df6-a2ab5ef4b665;0;0;NA;NA;NA;NA;NA;NA;NA;NA;NA;23;1.5;1.5;Sports gear & Outdoor;Leisure, Sport & Hobby;TRUE;4480;4480;F;0.5;1;0;0;2;0;0;0;0;1;1;1;0;1;1;1;0;0;0;6470;22.3419444444;1
bd953c45-b669-4c3a-9897-081dcd1ae22b;0;0;0;0;0;NA;NA;NA;NA;NA;NA;18;15;14;Diversified entertainment;Entertainment;TRUE;2985;2985;no_match;0.5;2;0;0;4;0;0;0;0;2;1;1;1;1;1;1;0;0;0;8565;14.0105555556;1
b1e607f7-ee0f-44e5-9601-0ba05c763dba;0;0;0;0;0;NA;NA;NA;NA;NA;NA;63;NA;NA;Diversified electronics;Electronics;FALSE;0;0;F+L;NA;0;0;0;0;0;0;NA;NA;0;0;0;0;0;0;0;0;0;0;0;16.8027777778;NA
adc8c99d-2d3f-401a-8b8f-24d43f34ee70;0;6383;0;0;0;0;1;1;1;1;1;41;14.25;13;Diversified entertainment;Entertainment;TRUE;18385;18385;F+L;0.225;9;0;0;33;45;1;0;0;9;1;1;1;2;2;2;0;0;3190;123306;21.6991666667;2
dccfc71e-1130-44b9-8acd-cf18711a9166;0;0;0;0;0;NA;NA;NA;NA;NA;NA;53;NA;NA;Concept stores & Miscellaneous;Leisure, Sport & Hobby;FALSE;0;0;no_match;NA;0;0;0;0;0;0;NA;NA;0;0;0;0;0;0;0;0;0;0;0;12.9375;NA
e107698f-869a-4b69-a544-89949cc29485;0;0;0;0;0;NA;NA;NA;NA;NA;NA;29;14;NA;Diversified entertainment;Entertainment;TRUE;5279;7185;Nick;0;0;0;0;2;7;0;0;0;0;1;1;1;0;1;1;0;0;0;11859;19.9072222222;NA
919175d3-b520-4b45-99bc-4b63952ad559;0;116160;0;26;0;0.1674641148;1;1;2;1;1;21;20.4285714286;21.5;Youthful Shoes & Clothing;Clothing & Shoes;TRUE;16790;22570;F+L;0.2857142857;2;0;0;7;11;0;0;0;2;1;1;1;1;1;1;0;0;0;86972;7.1375;1
c325422f-2e84-43d0-aeaf-f5419f2811a9;0;0;0;0;0;NA;NA;NA;NA;NA;NA;50;NA;NA;Prints & Photos;Leisure, Sport & Hobby;FALSE;0;0;F+L;NA;0;0;0;0;0;0;NA;NA;0;0;0;0;0;0;0;0;0;0;0;19.2919444444;NA
5fefaf02-2148-424f-b01e-e888853e9d7a;0;0;0;0;0;0;1;1;NA;1;NA;44;17.7142857143;17;Diversified entertainment;Entertainment;TRUE;36560;50990;no_match;0;0;0;0;21;8;0;0;0;0;1;1;1;1;1;2;0;0;0;208325;13.6961111111;NA
22861eed-aea4-4b15-83a7-71f1609ca1af;0;49124;0;24;0;0.4505476625;1;1;2;1;1;42;18.7083333333;18;Dietary supplements;Health & Beauty;TRUE;16237;18608;F+L;0.08;2;0;0;24;25;0;0;0;16;1;1;1;1;1;2;0;37725;48560;116748;20.9716666667;1
fabb51c9-591b-405d-8239-8ac751e2c490;0;31850;0;0;0;0;1;1;1;1;1;50;18.1071428571;17.8571428571;Books & Magazines;Entertainment;TRUE;52380;52380;no_match;0.0625;2;0;0;28;39;0;0;0;2;1;1;1;1;1;2;0;22108;10710;294433;10.5480555556;1
848321df-9641-499a-b2a5-afb0a57bc473;0;147476;0;0;0;0.0007733259;1;1;1;2;2;20;18;NA;Diversified entertainment;Entertainment;TRUE;5344;5344;L;0;0;0;0;2;1;0;0;0;1;1;1;1;0;1;1;0;40182;35529;7854;16.2780555556;NA
4dff503f-bfa3-4146-8835-46124c467cef;0;39227;0;0;0;1.3773959022;1;1;1;1;1;21;11.5833333333;13;Youthful Shoes & Clothing;Clothing & Shoes;TRUE;14215;14215;no_match;0;0;0;0;12;20;0;0;0;1;1;1;1;1;1;1;0;13;0;91495;10.1133333333;NA
ff16aa5b-9e0e-410b-a1f7-217f07185101;0;0;0;0;0;NA;NA;NA;NA;NA;NA;55;NA;NA;Concept stores & Miscellaneous;Leisure, Sport & Hobby;FALSE;0;0;L1+F;NA;0;0;0;0;0;0;NA;NA;0;0;0;0;0;0;0;0;0;0;0;15.5361111111;NA
90f2027a-27e0-4af6-86e2-4052b25ff98e;0;0;0;0;0;NA;NA;NA;NA;NA;NA;43;10;10;Books & Magazines;Entertainment;TRUE;3510;3510;F+L;0;0;0;0;1;0;0;0;0;0;1;0;0;1;1;1;0;0;0;3510;22.5588888889;NA
9627276a-3cfe-4089-b814-45dfe6bc6777;0;0;0;0;0;0;1;1;NA;NA;NA;44;NA;NA;Youthful Shoes & Clothing;Clothing & Shoes;TRUE;0;0;no_match;NA;0;0;0;0;0;0;NA;NA;0;0;0;0;0;0;0;0;11000;0;0;21.1194444444;NA
01f9e32d-1070-4e42-a267-65e412c04700;0;0;0;0;0;NA;NA;NA;NA;NA;NA;21;10.5;14;Youthful Shoes & Clothing;Clothing & Shoes;TRUE;7495;8195;L1+F;0;0;0;0;2;2;0;0;0;0;1;1;1;1;1;1;0;0;0;14790;12.3069444444;NA
17ab22f2-dd9e-48b4-8c52-48aff3105622;0;0;0;0;0;NA;NA;NA;NA;NA;NA;44;10.6;NA;Diversified entertainment;Entertainment;TRUE;5170;8292;F+L;0;0;0;0;5;5;0;0;0;0;1;1;1;1;1;1;0;0;0;17410;15.9408333333;NA
b8d8461a-85b3-4d7e-9eca-0cb90af9a81d;0;50131;0;0;0;0.6880257065;1;1;1;1;1;43;25;NA;Books & Magazines;Entertainment;TRUE;11050;11050;F1+L;0;0;0;0;2;0;0;0;0;3;1;1;0;0;1;1;0;145763;24482;17435;18.8511111111;NA
0f5c5b41-f636-482a-a1fb-cf85ac531241;0;0;NA;NA;NA;NA;NA;NA;NA;NA;NA;41;17.0526315789;16.1666666667;Diversified entertainment;Entertainment;TRUE;7820;7820;F;0.0833333333;2;0;0;18;28;1;0;0;2;1;1;1;1;2;2;0;0;0;83154;9.4430555556;1
82a2f8ba-b359-4e05-9b3f-e6665073a8ae;0;0;0;0;0;0;1;1;1;2;2;43;18.1428571429;19.5;Youthful Shoes & Clothing;Clothing & Shoes;TRUE;13900;13900;F+L;0;0;0;0;7;7;0;0;0;0;1;1;1;1;1;2;0;10549;0;59599;15.7072222222;NA
d2ecf7aa-f0eb-4c0a-b291-c38399bd0dfd;0;0;0;0;0;0.0278567017;1;1;NA;1;1;32;15;10.6666666667;Youthful Shoes & Clothing;Clothing & Shoes;TRUE;14040;14040;F+L;0;0;0;0;11;9;1;0;0;2;1;1;1;2;2;2;0;15739;0;62435;15.2255555556;NA
4b0cabf9-d84b-459a-9954-a2dd963a9d64;0;0;0;0;0;0.0737018425;1;1;NA;1;NA;21;15;NA;Diversified Jewelry & Accessories;Jewelry & Accessories;TRUE;13167;13167;F+L;0.2;1;0;0;5;4;0;0;0;2;1;1;1;1;1;1;0;0;0;45792;15.1866666667;1
4c16adf8-80ec-4df2-947e-bb8577dc7cd6;0;0;0;0;0;4.33;1;1;NA;1;NA;38;NA;NA;Diversified Home & Garden products;Home & Garden;TRUE;0;0;F1+L;NA;1;0;0;0;0;0;NA;NA;2;0;0;0;0;0;0;0;2310;0;0;14.2066666667;1
db91eca1-8f00-4e05-8c72-32d5fe73330f;0;84706;0;0;0;0.7301830101;1;1;1;1;1;44;14;15;Youthful Shoes & Clothing;Clothing & Shoes;TRUE;17735;17735;Nick;0;0;0;0;3;3;0;0;0;4;1;1;1;1;1;1;0;16864;7509;28405;15.3327777778;NA
520bdf8c-62b5-4333-9305-7af1eca72a10;0;0;0;0;0;NA;NA;NA;NA;NA;NA;29;NA;NA;Diversified entertainment;Entertainment;FALSE;0;0;F;NA;0;0;0;0;0;0;NA;NA;0;0;0;0;0;0;0;0;0;0;0;13.5375;NA
2ceda5a1-1beb-4283-b614-86a65d668b09;0;0;0;0;0;NA;NA;NA;NA;NA;NA;51;14.3125;21.3333333333;Diversified entertainment;Entertainment;TRUE;6900;18000;no_match;0;0;0;0;15;5;1;0;0;0;1;1;2;2;2;2;0;0;0;40560;19.5361111111;NA
e1b24cea-dc28-4b74-8bd8-39a01094895f;0;0;0;0;0;NA;NA;NA;NA;NA;NA;33;NA;NA;Sports gear & Outdoor;Leisure, Sport & Hobby;FALSE;0;0;F;NA;0;0;0;0;0;0;NA;NA;0;0;0;0;0;0;0;0;0;0;0;12.6322222222;NA
9018b685-3fde-436c-96e4-d560d0f37d84;0;29;0;0;0;0.0078630897;1;1;1;1;1;38;18.0689655172;16.6666666667;General Shoes & Clothing;Clothing & Shoes;TRUE;21195;21195;F+L;0.1333333333;4;0;0;27;29;3;0;0;5;1;1;1;1;2;2;0;0;0;358680;16.9513888889;1
8eab15aa-3be8-497b-97d7-2a5f42288ccb;0;0;0;0;0;NA;1;1;1;1;1;39;5.4444444444;4.6666666667;Concept stores & Miscellaneous;Leisure, Sport & Hobby;TRUE;34790;34790;no_match;0;0;0;0;9;11;0;0;0;1;1;1;1;1;1;1;0;0;0;138531;10.9358333333;NA
1b12072c-aeaa-41e4-849b-809a813e7451;0;0;0;0;0;NA;NA;NA;NA;NA;NA;32;21;NA;Diversified children products;Children Products;TRUE;4990;4990;L1+F;0;0;0;0;1;0;0;0;0;0;1;0;0;0;1;1;0;0;0;4990;17.9472222222;NA
96a9a2fe-b8a4-4fac-a107-14a9f5bf7715;0;25964;0;0;0;0.1896290167;1;1;1;1;1;30;3;NA;Travel services;Intangible products;TRUE;6925;6925;F;0;0;0;0;1;0;0;0;0;2;1;2;0;0;1;2;0;5119;0;6925;9.5780555556;NA
90bb719f-a823-403f-9a15-9ef2e24748e0;0;0;0;0;0;NA;NA;NA;NA;NA;NA;18;NA;NA;Youthful Shoes & Clothing;Clothing & Shoes;FALSE;0;0;no_match;NA;0;0;0;0;0;0;NA;NA;0;0;0;0;0;0;0;0;0;0;0;20.6694444444;NA
1a6d15fc-032f-4e84-8fca-f92f7d4f7292;0;0;NA;NA;NA;NA;NA;NA;NA;NA;NA;29;7.6;7;Youthful Shoes & Clothing;Clothing & Shoes;TRUE;12400;17580;no_match;0;0;0;0;10;12;0;0;0;0;1;1;1;1;1;1;0;0;0;71689;15.2044444444;NA
323d02eb-9c37-4d09-9307-8b95027362b7;0;19778;0;0;0;0;1;1;1;1;1;44;10;NA;Diversified entertainment;Entertainment;TRUE;21250;21250;L1+F;0;0;0;0;6;10;0;0;0;0;1;1;1;1;1;1;0;0;28989;54007;10.3905555556;NA
c822d4c9-b2af-4566-bb4b-5c2fd5862fca;0;0;0;0;0;NA;NA;NA;NA;NA;NA;52;NA;NA;Prescription optics;Health & Beauty;FALSE;0;0;F+L;NA;0;0;0;0;0;0;NA;NA;0;0;0;0;0;0;0;0;0;0;0;14.6947222222;NA
433c8845-3502-42c1-bd7f-58d62f424e4d;0;0;0;0;0;NA;NA;NA;NA;NA;NA;19;20;18.75;Youthful Shoes & Clothing;Clothing & Shoes;TRUE;10785;10785;L1+F;0.0333333333;1;0;0;29;29;0;0;0;1;1;1;1;1;1;1;0;0;0;130838;17.3666666667;1
4ed14a16-fb60-4715-86f5-5c304cc3afe3;0;0;NA;NA;NA;NA;NA;NA;NA;NA;NA;51;16.7777777778;21;Youthful Shoes & Clothing;Clothing & Shoes;TRUE;4565;4565;L1+F;0;0;0;0;9;0;0;0;0;0;1;1;1;1;1;2;0;0;0;33063;9.8227777778;NA
0104a399-7b1b-4125-b7b4-4a28095c4d7a;0;0;0;0;0;NA;NA;NA;NA;NA;NA;69;NA;NA;Diversified entertainment;Entertainment;FALSE;0;0;F+L;NA;0;0;0;0;0;0;NA;NA;0;0;0;0;0;0;0;0;0;0;0;17.5755555556;NA
55fde8f3-7cc1-4628-ab7f-21340127b974;0;0;0;0;0;0.1932016996;1;2;NA;1;1;25;39;NA;Diversified entertainment;Entertainment;TRUE;2095;8343;no_match;0;0;0;0;0;4;1;0;0;1;2;1;1;0;2;2;0;12442;0;2595;7.5294444444;NA
920a42fe-63ac-40a2-a83d-270051353845;0;0;0;0;0;NA;NA;NA;NA;NA;NA;27;10.4;9.3333333333;Diversified entertainment;Entertainment;TRUE;11795;11795;F+L;0.1;1;0;0;10;9;0;0;0;1;1;1;1;1;1;1;0;0;0;32405;19.295;1
182e8f6b-7d30-477f-aa8b-7fa1573e351d;0;4301;0;0;0;0;1;1;1;1;1;51;21.9;NA;Diversified entertainment;Entertainment;TRUE;3800;7355;F;0;0;0;0;7;8;3;0;0;0;2;2;1;2;2;2;0;2790;0;27375;16.1616666667;NA
951b606a-6d5f-441c-8774-ed3d47f20523;0;0;0;0;0;NA;NA;NA;NA;NA;NA;36;11.6875;10;Diversified entertainment;Entertainment;TRUE;3390;4285;Nick;0;0;0;0;32;29;0;0;0;0;1;1;1;1;1;1;0;0;0;43577;19.0058333333;NA
f5fec575-6757-4aa3-bb27-7e8f063ff539;0;0;NA;NA;NA;NA;NA;NA;NA;NA;NA;35;14.4390243902;18.55;Diversified entertainment;Entertainment;TRUE;12470;18385;F+L;0.0595238095;5;0;0;82;53;0;0;0;5;1;1;1;1;1;1;0;0;0;345957;22.5;1
d2f1601b-caab-4db3-92ad-2db6454a4bbe;0;0;NA;NA;NA;NA;NA;NA;NA;NA;NA;31;35.5;NA;General Shoes & Clothing;Clothing & Shoes;TRUE;24510;24510;no_match;0;0;1;0;3;1;0;0;0;0;3;1;1;3;3;3;0;0;0;40665;11.7919444444;NA
cfce5519-0c56-48a9-b24e-1047117862b0;0;0;0;0;0;NA;NA;NA;NA;NA;NA;48;8.6666666667;NA;Diversified entertainment;Entertainment;TRUE;10995;11070;F+L;0;0;0;0;6;2;0;0;0;0;1;1;1;1;1;1;0;0;0;18540;12.2311111111;NA
dbe87f4a-8a5c-47d6-a884-fba17f2b73a0;0;11403;0;0;0;0.0001708331;1;1;1;1;1;29;NA;NA;Diversified entertainment;Entertainment;TRUE;4000;4000;L1+F;NA;0;0;0;0;4;0;0;0;1;1;1;1;0;0;1;0;3772;11365;4000;7.4016666667;NA
8555d923-4721-4e4e-ad1c-7492c74df27f;0;0;0;0;0;NA;NA;NA;NA;NA;NA;48;13.7142857143;13.6666666667;Diversified entertainment;Entertainment;TRUE;4185;4185;no_match;0;0;0;0;7;0;0;0;0;0;1;1;1;1;1;1;0;0;0;15818;12.0475;NA
5e0a0258-762e-477b-a911-c5990d231e10;0;37832;0;21;0;0.0002458261;1;1;2;1;1;25;10.5;NA;Youthful Shoes & Clothing;Clothing & Shoes;TRUE;3865;4575;F+L;0.5;1;0;0;2;1;0;0;0;3;1;1;1;1;1;1;0;116021;20398;9005;18.6663888889;1
9f58b912-c8bb-477d-8968-6d497873df1b;0;0;0;0;0;NA;NA;NA;NA;NA;NA;47;NA;NA;Pharmaceutical products;Health & Beauty;FALSE;0;0;L1+F;NA;0;0;0;0;0;0;NA;NA;0;0;0;0;0;0;0;0;0;0;0;19.6136111111;NA
76f2e706-5be2-4465-9f40-08ede38f38d8;1;0;NA;NA;NA;NA;NA;NA;NA;NA;NA;22;NA;NA;Dating services;Intangible products;FALSE;0;0;F+L;NA;0;0;0;0;0;0;NA;NA;0;0;0;0;0;0;0;0;0;0;0;20.4205555556;NA
bdd3eadc-69ad-410e-a943-3a2828de95bd;0;11126;0;0;0;0.5179255919;1;2;1;2;1;22;22.7777777778;44;Diversified Health & Beauty products;Health & Beauty;TRUE;6221;9690;F+L;0;0;0;0;6;3;3;0;0;6;2;2;1;2;2;2;0;21608;3000;36798;12.3297222222;NA
633964e9-e366-48b8-b577-11694a6f3b20;0;0;0;0;0;0;1;1;NA;1;1;23;17;NA;Youthful Shoes & Clothing;Clothing & Shoes;TRUE;12290;12290;no_match;0.6666666667;2;0;0;3;1;0;0;0;2;1;1;1;0;1;1;0;6785;0;20765;11.645;1
6ff6d122-013d-4ce1-996a-977ce08dea52;0;1901;0;29;29;0.0008121592;1;1;3;1;1;22;37;NA;Diversified entertainment;Entertainment;TRUE;3000;3785;Nick;0;0;0;0;0;3;1;0;0;1;2;1;1;0;2;2;0;3742;1906;4847;11.9711111111;NA
47b68cb8-1979-489b-9862-450905edcd7f;0;0;NA;NA;NA;NA;NA;NA;NA;NA;NA;45;16;16;Youthful Shoes & Clothing;Clothing & Shoes;TRUE;13090;13090;no_match;0;0;0;0;2;0;0;0;0;0;1;1;0;1;1;1;0;0;0;15085;18.8016666667;NA
67f9c9e6-4536-4635-8abb-b404b9cd3a5b;0;0;0;0;0;1.373236922;1;1;NA;3;2;18;24.5;NA;Children toys;Children Products;TRUE;5900;28422;L1+F;0.5;1;0;0;1;2;1;0;0;2;2;1;2;0;2;2;0;15286;0;8775;8.1783333333;1
e8337628-e7f4-4e48-b20f-00b03b403437;0;0;0;0;0;NA;1;1;1;1;1;19;NA;NA;Youthful Shoes & Clothing;Clothing & Shoes;TRUE;0;0;F+L;NA;0;0;0;0;0;0;NA;NA;0;0;0;0;0;0;0;0;0;0;0;16.525;NA
95ff224c-be42-4c0a-adde-dc8f2c589a2b;0;70298;0;0;0;0;1;1;1;1;1;40;NA;NA;Diversified entertainment;Entertainment;TRUE;0;0;no_match;NA;1;0;0;0;0;0;NA;NA;1;0;0;0;0;0;0;0;33295;97135;0;15.3572222222;1
de5b148c-f4e1-429f-a50e-0c61059d434e;0;35858;0;0;0;0;1;1;1;1;1;31;11.4545454545;9.3333333333;Automotive Parts & Accessories;Automotive Products;TRUE;33054;33054;L;0.0909090909;1;0;0;9;2;1;0;0;1;1;1;2;2;2;2;0;14535;35810;150775;13.9877777778;1
ccd6fbda-267a-423b-9484-6049b66d1348;0;0;0;0;0;NA;NA;NA;NA;NA;NA;32;NA;NA;Jewelry & Watches;Jewelry & Accessories;TRUE;0;11094;L1+F;NA;0;0;0;0;1;0;0;0;0;2;1;0;0;0;2;0;0;0;0;19.7780555556;NA
3351e1d4-13a3-4c7d-99da-ff131a4eb912;0;0;0;0;0;NA;NA;NA;NA;NA;NA;43;NA;NA;General Shoes & Clothing;Clothing & Shoes;FALSE;0;0;L1+F;NA;0;0;0;0;0;0;NA;NA;0;0;0;0;0;0;0;0;0;0;0;16.0966666667;NA
a7bba8ee-cc41-45ff-bd50-69f54f79ae6c;0;22343;0;0;0;0;1;1;1;1;1;33;12.4615384615;5.5;Diversified electronics;Electronics;TRUE;25100;50650;F+L;0;0;0;0;11;8;2;0;0;0;1;1;1;1;2;2;0;27775;22290;121471;11.4875;NA
06728c00-bdd4-4a22-a8ac-dc1cfa19e486;0;15978;0;0;0;1.2211178574;1;1;1;1;1;25;15.2307692308;15.75;Diversified Health & Beauty products;Health & Beauty;TRUE;11040;11040;F+L;0.2857142857;4;0;0;11;4;1;0;0;13;1;1;1;2;2;2;0;53324;3692;93720;20.3508333333;1
2bac15e4-cb24-4a1e-a13e-6fbe7909b947;0;0;0;0;0;NA;NA;NA;NA;NA;NA;55;NA;NA;Sports gear & Outdoor;Leisure, Sport & Hobby;FALSE;0;0;no_match;NA;0;0;0;0;0;0;NA;NA;0;0;0;0;0;0;0;0;0;0;0;18.2494444444;NA
f9678970-bf68-4975-a5c6-a5ed0ff96e37;0;21661;0;0;0;0.0014619321;1;1;1;2;2;24;15.3225806452;16.5555555556;Youthful Shoes & Clothing;Clothing & Shoes;TRUE;13925;14475;L1+F;0;0;1;0;28;21;2;0;0;1;1;1;1;3;3;3;0;41009;4865;203357;13.1344444444;NA
48cb3f3f-f1b4-4d2a-8abc-8bac7ba1fd3e;0;0;0;0;0;NA;NA;NA;NA;NA;NA;48;12;0;Diversified entertainment;Entertainment;TRUE;6290;6290;L1+F;0;0;0;0;5;8;0;0;0;0;1;1;1;1;1;1;0;0;0;17050;13.8541666667;NA
eb7bd9b9-42a2-4767-b611-302e4438be36;0;3794;0;0;0;0.0053877237;1;1;1;1;1;38;8.2857142857;6;Diversified entertainment;Entertainment;TRUE;3295;3295;F+L;0.1428571429;1;0;0;7;3;0;0;0;2;1;1;1;1;1;1;0;1899;1958;16840;8.2938888889;1
a094b2b8-ebf2-4e0e-ab8e-3b4435680f62;0;0;0;0;0;NA;NA;NA;NA;NA;NA;50;8.3235294118;3.6;Diversified entertainment;Entertainment;TRUE;8985;8985;F+L;0;0;0;0;34;44;0;0;0;1;1;1;1;1;1;1;0;0;0;81210;13.8652777778;NA
0346b8ef-1ef9-4aa9-87af-634d94e18fc1;0;0;0;0;0;NA;NA;NA;NA;NA;NA;51;NA;NA;Digital services;Intangible products;FALSE;0;0;F1+L;NA;0;0;0;0;0;0;NA;NA;0;0;0;0;0;0;0;0;0;0;0;15.5155555556;NA
441d5f31-f5f5-4320-b894-58455477c89c;0;0;0;0;0;NA;NA;NA;NA;NA;NA;54;NA;NA;Diversified entertainment;Entertainment;TRUE;0;22395;F1+L;NA;0;0;0;0;4;0;0;0;0;1;2;1;0;0;2;0;0;0;0;20.8758333333;NA
bbca217c-7e1e-496a-85c2-3f8c36bacddd;0;0;0;0;0;NA;NA;NA;NA;NA;NA;18;15;NA;Diversified entertainment;Entertainment;TRUE;10900;10900;F+L;0;0;0;0;1;1;0;0;0;0;1;2;1;0;1;2;0;0;0;10900;15.4577777778;NA
e2997050-7dc4-4347-94dd-46c2a7f0a103;0;0;0;0;0;0;1;1;NA;NA;NA;46;11.7083333333;15;Diversified entertainment;Entertainment;TRUE;6785;6785;L1+F;0;0;0;0;24;15;0;0;0;0;1;1;1;1;1;1;0;495;0;63784;8.5363888889;NA
f2f1ea42-d6cb-40b0-8276-4980eadda7b5;0;3548;0;0;0;0.5608108108;1;1;1;1;1;22;33.8;15;General Shoes & Clothing;Clothing & Shoes;TRUE;18642;18642;Nick;0.2222222222;2;0;0;2;16;3;0;0;3;1;1;2;2;2;2;0;0;0;85630;12.5363888889;1
1d3d1809-d946-4451-95c1-5e22011ed208;0;18713;0;16;0;0.3927763847;1;1;2;1;1;26;10;7;Youthful Shoes & Clothing;Clothing & Shoes;TRUE;12747;12747;F+L;0.25;1;0;0;4;2;0;0;0;8;1;1;1;1;1;1;0;100011;960;30695;19.1102777778;1
e0165a4c-0e3e-476e-acb8-4f2a1ee30cb4;0;0;0;0;0;NA;NA;NA;NA;NA;NA;64;NA;NA;Diversified electronics;Electronics;FALSE;0;0;L1+F;NA;0;0;0;0;0;0;NA;NA;0;0;0;0;0;0;0;0;0;0;0;15.7886111111;NA
f02cb3f4-ebec-4342-85e2-4e1bff864ea3;0;0;NA;NA;NA;NA;NA;NA;NA;NA;NA;42;15.2352941176;14;Books & Magazines;Entertainment;TRUE;64395;64395;L1+F;0.4705882353;8;0;0;17;2;0;0;0;8;1;1;1;1;1;2;0;0;0;152970;17.7122222222;1
47206809-1772-4896-8d7e-64c657e1fdfe;0;0;NA;NA;NA;NA;NA;NA;NA;NA;NA;22;13.8;11.3333333333;Youthful Shoes & Clothing;Clothing & Shoes;TRUE;26362;26362;F+L;0;0;0;0;5;2;0;0;0;0;1;1;1;1;1;1;0;0;0;90204;23.8244444444;NA
d09441d9-fa67-4c8d-8b5b-76084210c6f4;0;0;0;0;0;NA;NA;NA;NA;NA;NA;43;17.4;17.5;Automotive Parts & Accessories;Automotive Products;TRUE;34576;34576;F+L;0;0;0;1;5;3;0;0;0;0;1;1;1;1;1;3;0;0;0;88371;22.94;NA
76fdf062-d000-435c-8463-70ea672d4185;0;0;0;0;0;NA;NA;NA;NA;NA;NA;67;18;18;Concept stores & Miscellaneous;Leisure, Sport & Hobby;TRUE;13285;13285;F+L;0;0;0;0;1;0;0;0;0;0;1;0;0;1;1;1;0;0;0;13285;21.6305555556;NA
d4972ef3-bff2-4adb-a83d-96fc7123a783;0;0;0;0;0;1.3496111975;1;1;1;1;1;27;10.935483871;16.7;Books & Magazines;Entertainment;TRUE;10630;10630;no_match;0;0;0;0;30;29;1;0;0;1;1;1;1;2;2;2;0;15285;0;113693;6.1858333333;NA
1dd53082-4653-4912-9e4f-f2ca0fddb2cb;0;0;NA;NA;NA;NA;NA;NA;NA;NA;NA;43;19.75;NA;Diversified electronics;Electronics;TRUE;49179;49179;F+L;0;0;0;0;4;2;0;0;0;0;1;1;1;1;1;1;0;0;0;61844;12.3511111111;NA
a061c09a-9bec-4752-85cb-0fccdf1bde44;0;51321;0;0;0;0.7555961071;1;1;1;1;1;38;18.3333333333;17.3333333333;General Shoes & Clothing;Clothing & Shoes;TRUE;3395;8995;F+L;0;0;0;0;6;7;0;0;0;22;1;1;1;1;1;2;0;23689;26510;15256;11.3783333333;NA
41b73867-ea88-43c6-a60d-661a4652b7c8;0;20506;0;0;0;0.1803996715;1;2;1;2;2;23;25.6;NA;Youthful Shoes & Clothing;Clothing & Shoes;TRUE;15595;15595;no_match;0.125;2;0;0;10;28;0;0;0;4;1;1;1;1;1;1;0;0;0;110865;15.2563888889;1
03e64d71-4799-4de4-bec3-801000e9961e;0;0;0;0;0;10.2547297297;1;1;1;1;1;27;11;NA;Diversified entertainment;Entertainment;TRUE;3995;3995;no_match;0;0;0;0;7;9;0;0;0;2;1;1;1;0;1;1;0;4105;0;17045;15.4425;NA
0b74b301-dd0b-4ec2-a893-32f9311d8dd4;0;0;0;0;0;NA;NA;NA;NA;NA;NA;22;5;5;Diversified entertainment;Entertainment;TRUE;8895;8895;L1+F;0;0;0;0;1;0;0;0;0;0;1;0;0;1;1;1;0;0;0;8895;9.3952777778;NA
be6ae23f-d093-4d07-87e7-1fc3af92788e;0;56912;0;110;0;1.3335466667;1;1;2;1;2;32;11;NA;Decoration & Art;Home & Garden;TRUE;7690;7690;F1+L;0;0;0;0;3;0;0;0;0;8;1;1;1;1;1;1;0;28866;18205;19667;19.6563888889;NA
30049b2f-cfd8-4ff7-b8f7-5dbc09734fee;0;0;NA;NA;NA;NA;NA;NA;NA;NA;NA;25;NA;NA;General Shoes & Clothing;Clothing & Shoes;FALSE;0;0;F+L;NA;0;0;0;0;0;0;NA;NA;0;0;0;0;0;0;0;0;0;0;0;12.2738888889;NA
062a497e-f627-4ff6-beec-4bbbf53f4936;0;0;0;0;0;NA;NA;NA;NA;NA;NA;23;NA;NA;Youthful Shoes & Clothing;Clothing & Shoes;FALSE;0;0;no_match;NA;0;0;0;0;0;0;NA;NA;0;0;0;0;0;0;0;0;0;0;0;8.3402777778;NA
c046b473-ac34-4d75-bf81-1e0e57e6d6ab;0;0;0;0;0;0;1;1;NA;1;2;26;22.7894736842;1.75;Diversified entertainment;Entertainment;TRUE;4891;4891;F+L;0.0263157895;1;6;0;30;5;2;0;0;1;1;1;1;1;3;3;0;5964;0;108917;23.4841666667;1
aabc56c0-e44a-4780-aabd-611c26f22179;0;31507;0;15;0;0.5960229405;1;1;2;1;1;38;18.2666666667;20;Diversified entertainment;Entertainment;TRUE;4985;4985;L1+F;0.0555555556;1;0;0;15;7;0;0;0;3;1;1;1;1;1;2;0;22979;19465;46669;9.095;1
55bdf616-0300-4183-8fdd-9b4199a81068;0;0;0;0;0;NA;NA;NA;NA;NA;NA;36;13.6666666667;15.5;Diversified entertainment;Entertainment;TRUE;4850;5479;F+L;0;0;0;0;3;2;0;0;0;1;1;1;1;1;1;1;0;0;0;9225;10.3897222222;NA
97b392c0-df48-4da1-a148-9af9c9ac8ad9;0;0;0;0;0;NA;NA;NA;NA;NA;NA;43;69;NA;Diversified entertainment;Entertainment;TRUE;3440;6633;L1+F;0;0;1;0;0;7;0;0;0;0;3;2;1;3;3;3;0;0;0;3440;21.6986111111;NA
aa76f396-a73d-4985-b495-c95c1f281f49;0;0;0;0;0;NA;1;1;1;1;1;44;14.5384615385;14;Diversified entertainment;Entertainment;TRUE;7585;9290;no_match;0;0;0;0;13;12;0;0;0;0;1;1;1;1;1;1;0;0;0;44531;17.9005555556;NA
45494c7c-3de2-47ef-900a-a493af82502e;0;0;0;0;0;NA;NA;NA;NA;NA;NA;42;22.8;13;Diversified entertainment;Entertainment;TRUE;48335;48335;L;0;0;0;0;6;11;4;0;0;0;1;1;1;2;2;2;0;0;0;105410;11.9377777778;NA
620350a1-4790-4b4a-934f-325e6184b6c7;0;122994;0;0;0;1.0977445558;1;1;1;1;1;22;20.4166666667;18.75;Diversified entertainment;Entertainment;TRUE;10142;13641;L1+F;0.0714285714;1;0;0;11;6;1;0;0;18;1;1;1;2;2;2;0;44107;24944;66838;22.4261111111;2
1ee9eadc-8c39-4ac5-8409-0aa9202148c4;0;0;0;0;0;NA;NA;NA;NA;NA;NA;52;19;NA;Digital services;Intangible products;TRUE;6559;6559;F+L;0;0;0;0;1;0;0;0;0;0;1;0;0;0;1;1;0;0;0;6559;13.0136111111;NA
e807b8dc-bdab-41a1-9595-a7956e642d7f;0;0;0;0;0;NA;NA;NA;NA;NA;NA;39;13.5;13.5;Diversified entertainment;Entertainment;TRUE;4095;4095;L;0;0;0;0;2;0;0;0;0;0;1;1;0;1;1;1;0;0;0;8090;9.4133333333;NA
64037184-721d-4ceb-a9db-8864122298b5;0;0;0;0;0;NA;NA;NA;NA;NA;NA;71;NA;NA;Diversified entertainment;Entertainment;TRUE;0;8760;F+L;NA;0;0;0;0;3;0;0;0;0;1;1;1;0;0;1;0;0;0;0;12.7625;NA
2c47fce5-9e8b-46c9-948a-9cc0455e31f6;0;0;0;0;0;NA;NA;NA;NA;NA;NA;42;NA;NA;Pharmaceutical products;Health & Beauty;TRUE;0;6990;F+L;NA;0;0;0;0;1;0;0;0;0;1;0;0;0;0;1;0;0;0;0;9.8683333333;NA
05751060-24bd-4c17-b728-3bc110802ee7;0;65991;0;1;16;0;1;1;3;1;2;36;19;25;Youthful Shoes & Clothing;Clothing & Shoes;TRUE;29107;29107;F+L;0;0;0;0;3;2;1;0;0;0;1;2;1;2;2;2;0;0;11344;45827;18.3833333333;NA
25a08dae-829f-4c69-a681-92b1e2e55be0;0;28203;0;0;0;1.3048663078;2;2;1;2;2;19;24.1764705882;NA;Youthful Shoes & Clothing;Clothing & Shoes;TRUE;8865;8865;F+L;0.1578947368;3;0;0;15;5;2;0;0;9;2;1;1;2;2;2;0;6787;25455;93487;4.0458333333;2
a1e299b3-9766-438b-a6ac-a1bce3f67a0d;0;5573;0;24;0;0;1;1;2;1;2;25;19;NA;Dietary supplements;Health & Beauty;TRUE;18585;18585;F+L;0;0;0;0;2;2;0;0;0;0;1;1;1;1;1;1;0;2253;3379;45773;17.5230555556;NA
b4550624-d570-42e4-9eba-d6be46262d9e;0;0;NA;NA;NA;NA;NA;NA;NA;NA;NA;29;38.5;NA;Youthful Shoes & Clothing;Clothing & Shoes;TRUE;10630;10630;F+L;0;0;0;0;1;1;1;0;0;0;2;1;1;0;2;2;0;0;0;16109;16.8736111111;NA
e51dacac-b871-4a6c-b15f-6a636784258e;0;0;0;0;0;NA;NA;NA;NA;NA;NA;32;25;25;Children Clothes & Nurturing products;Children Products;TRUE;3880;15030;F+L;0;0;0;0;1;2;0;0;0;0;1;1;1;1;1;1;0;0;0;3880;11.1519444444;NA
6ce41f10-35a7-4b88-9a9c-7cc88f82dd6a;0;0;0;0;0;NA;NA;NA;NA;NA;NA;18;6.4;12;Diversified entertainment;Entertainment;TRUE;41195;41195;no_match;0.2;1;0;0;5;1;0;0;0;1;1;1;1;1;1;1;0;0;0;61235;20.1875;1
40c7b2ed-c6bf-4fb1-bee8-9818303a9521;0;0;NA;NA;NA;NA;NA;NA;NA;NA;NA;49;13.5;14;Youthful Shoes & Clothing;Clothing & Shoes;TRUE;10900;10900;F+L;0;0;0;0;2;1;0;0;0;0;1;1;1;1;1;1;0;0;0;12690;19.2408333333;NA
9eb680ac-19da-4607-8be9-e02fb88b133d;0;0;0;0;0;NA;NA;NA;NA;NA;NA;47;NA;NA;Youthful Shoes & Clothing;Clothing & Shoes;FALSE;0;0;no_match;NA;0;0;0;0;0;0;NA;NA;0;0;0;0;0;0;0;0;0;0;0;23.0919444444;NA
fb3c61fc-9071-4886-827e-c771d92ea030;0;0;0;0;0;0;1;1;1;1;1;68;6.5;NA;Books & Magazines;Entertainment;TRUE;1240;2280;L1+F;0;0;0;0;2;3;0;0;0;0;1;1;1;0;1;1;0;1395;0;2955;14.0263888889;NA
b7cab78a-6716-4159-8657-3018fea69c58;0;16385;0;0;0;0.0001116238;1;1;1;1;2;21;10;5;Kitchenware;Home & Garden;TRUE;7574;7574;no_match;0;0;0;0;4;2;0;0;0;1;1;1;1;1;1;1;0;13601;9400;20989;18.7405555556;NA
8cff411c-1c05-408d-87a4-cc999234e870;1;0;0;0;0;NA;NA;NA;NA;NA;NA;35;NA;NA;Prints & Photos;Leisure, Sport & Hobby;FALSE;0;0;Nick;NA;0;0;0;0;0;0;NA;NA;0;0;0;0;0;0;0;0;0;0;0;8.8747222222;NA
2fdeb250-cf7d-4b7c-aef2-1ea01d868ea5;0;0;NA;NA;NA;NA;NA;NA;NA;NA;NA;30;17;13;Dietary supplements;Health & Beauty;TRUE;31700;31700;L1+F;0;0;0;0;3;2;0;0;0;0;1;1;1;1;1;1;0;0;0;58163;13.7163888889;NA
52bcfceb-b832-4c7e-a048-1e0d4dcda8a6;0;0;0;0;0;NA;NA;NA;NA;NA;NA;47;16.2682926829;16.5;Diversified entertainment;Entertainment;TRUE;6120;6120;F+L;0.119047619;5;0;0;40;34;0;0;0;5;1;1;1;1;1;2;0;0;0;79362;20.2816666667;1
631698fa-65b5-4adb-a472-618185e999af;0;0;NA;NA;NA;NA;NA;NA;NA;NA;NA;36;NA;NA;Diversified entertainment;Entertainment;FALSE;0;0;F+L;NA;0;0;0;0;0;0;NA;NA;0;0;0;0;0;0;0;0;0;0;0;20.895;NA
9873c816-5584-4183-86fd-f4cc6827de8b;0;0;0;0;0;NA;NA;NA;NA;NA;NA;38;11.5625;12;Diversified Health & Beauty products;Health & Beauty;TRUE;23036;23036;F1+L;0;0;0;0;16;0;0;0;0;0;1;1;1;1;1;1;0;0;0;153616;16.7744444444;NA
0b0b95cd-c04d-42a9-abf9-c1481147bf40;0;17619;0;53;0;0.9012581486;1;1;2;1;2;22;32.3333333333;14;Diversified entertainment;Entertainment;TRUE;9285;9285;Nick;0.05;1;0;0;11;6;7;0;0;19;1;1;1;2;2;2;0;67603;38179;74417;11.6066666667;2
92a3281f-4946-4142-ad86-986ac8421eee;0;0;0;0;0;0;1;1;NA;NA;NA;30;NA;NA;General Shoes & Clothing;Clothing & Shoes;TRUE;7120;7120;F+L;0;0;0;0;0;0;0;0;0;0;2;0;0;0;0;2;0;15675;0;7120;13.1422222222;NA
232c09a0-6fe1-4599-81be-276583b915cb;0;11946;0;0;0;0.2237200984;1;1;1;1;1;32;14;13;Diversified children products;Children Products;TRUE;12845;17395;F+L;0;0;0;0;10;13;0;0;0;1;1;1;1;1;1;2;0;28793;11932;60744;17.9472222222;NA
dd6c14fd-e91e-4c74-a3f8-2c1622ab764c;0;0;0;0;0;1.4354856115;1;1;NA;2;2;23;26.9444444444;39;Sports gear & Outdoor;Leisure, Sport & Hobby;TRUE;19922;22686;no_match;0.1578947368;3;1;0;16;18;1;0;0;6;1;2;1;2;3;3;0;35831;0;118545;21.4780555556;1
5997f766-1e5e-485f-a961-1a8cf1db8546;0;0;0;0;0;NA;NA;NA;NA;NA;NA;79;NA;NA;Concept stores & Miscellaneous;Leisure, Sport & Hobby;FALSE;0;0;no_match;NA;0;0;0;0;0;0;NA;NA;0;0;0;0;0;0;0;0;0;0;0;21.7816666667;NA
4feece12-8869-4ab8-9e83-0ade465ccc2b;0;0;NA;NA;NA;NA;NA;NA;NA;NA;NA;45;12;7;Diversified entertainment;Entertainment;TRUE;7590;7590;L1+F;0;0;0;0;2;15;0;0;0;0;1;1;1;1;1;1;0;0;0;13605;22.9177777778;NA
08e30dd6-430e-4bae-8e1a-7247f41b7aed;0;0;0;0;0;NA;NA;NA;NA;NA;NA;45;15.1428571429;10.5;Youthful Shoes & Clothing;Clothing & Shoes;TRUE;14080;14080;F+L;0.1428571429;1;0;0;6;5;1;0;0;1;1;1;2;1;2;2;0;0;0;56925;9.26;1
96ad713e-f892-4d50-9d5e-dc560d03694a;0;0;0;0;0;NA;NA;NA;NA;NA;NA;32;5.25;4.5;Diversified entertainment;Entertainment;TRUE;2495;4790;F;0;0;0;0;4;5;0;0;0;0;1;1;1;1;1;1;0;0;0;8565;8.8605555556;NA
b00544e3-6fcb-4c33-b029-3fef77b96e1e;0;23433;0;0;0;0.9299135871;1;1;1;1;1;42;12.3;NA;Diversified entertainment;Entertainment;TRUE;19755;20320;F+L;0.05;1;0;0;20;12;0;0;0;7;1;1;1;1;1;2;0;102603;7901;104397;21.1033333333;1
17b1c3d0-ed75-4b4b-b216-afbba7b1d3cc;0;60346;0;0;0;0;1;1;1;1;1;28;23.25;6;Diversified entertainment;Entertainment;TRUE;45490;45490;no_match;0.25;1;0;0;3;2;1;0;0;1;1;1;1;1;2;2;0;33285;45590;89960;18.3058333333;2
d7b0c617-a182-481c-9cf8-96b1434afc86;0;0;NA;NA;NA;NA;NA;NA;NA;NA;NA;54;NA;NA;Automotive Parts & Accessories;Automotive Products;FALSE;0;0;F+L;NA;0;0;0;0;0;0;NA;NA;0;0;0;0;0;0;0;0;0;0;0;19.2797222222;NA
25163c16-968b-4aa0-89ea-8b9a301f763a;0;55340;0;165;22;0.8043427737;2;2;3;2;2;36;21;21;Hobby articles;Leisure, Sport & Hobby;TRUE;5695;5695;F;1;2;0;1;0;7;0;0;0;16;1;1;1;0;0;3;0;16014;4303;7485;10.27;2
4008503c-2b8a-4cb1-a6d2-31600c379c64;0;0;0;0;0;NA;NA;NA;NA;NA;NA;50;NA;NA;Diversified entertainment;Entertainment;FALSE;0;0;L;NA;0;0;0;0;0;0;NA;NA;0;0;0;0;0;0;0;0;0;0;0;0.0969444444;NA
006be28a-154a-4f50-8c4f-ba32e3607e72;0;0;0;0;0;NA;NA;NA;NA;NA;NA;37;14;20;Books & Magazines;Entertainment;TRUE;9770;9770;F+L;0;0;0;0;4;3;0;0;0;0;1;1;1;1;1;1;0;0;0;19930;16.4608333333;NA
3b274705-f505-4dd9-a46d-b1161d3366a9;0;0;0;0;0;NA;NA;NA;NA;NA;NA;29;11.8421052632;8.75;Diversified entertainment;Entertainment;TRUE;5480;5480;L1+F;0.1578947368;3;0;0;19;16;0;0;0;3;1;1;1;1;1;2;0;0;0;34547;17.4872222222;1
0ac2491a-de2b-4acb-b33b-b6edcd3c406e;0;0;0;0;0;NA;NA;NA;NA;NA;NA;28;30.8571428571;30.3333333333;Diversified entertainment;Entertainment;TRUE;8185;8185;F;0.0476190476;2;0;0;42;34;0;0;0;2;1;1;1;1;1;1;0;0;0;101580;23.7380555556;1
adff54e9-c954-4a33-8e7e-b4e914e89245;0;0;0;0;0;NA;NA;NA;NA;NA;NA;32;14;NA;Diversified electronics;Electronics;TRUE;3890;3890;F+L;1;1;0;0;1;0;0;0;0;1;1;0;0;0;1;1;0;0;0;3890;15.2477777778;1
75de65e9-9d39-4df2-9f92-ef231b906fd2;0;981;0;0;0;0;1;1;1;1;1;38;18.5714285714;19;Diversified entertainment;Entertainment;TRUE;11060;11060;F+L;0;0;0;0;7;3;0;0;0;0;1;1;1;1;1;1;0;0;1000;26805;16.3244444444;NA
cfa718f4-9e6c-4f42-a08d-01ea5d6a3e9b;0;0;0;0;0;NA;1;1;NA;NA;NA;22;13.6666666667;NA;Diversified entertainment;Entertainment;TRUE;2580;8089;no_match;0;0;0;0;3;3;0;0;0;1;1;1;1;0;1;1;0;0;0;5170;21.7230555556;NA
12615ff1-0e28-4483-9e8b-75b6ff299b39;0;50301;0;0;0;0.9126186292;1;1;1;1;1;34;18;NA;Sports gear & Outdoor;Leisure, Sport & Hobby;TRUE;2550;2550;F+L;0;0;0;0;1;0;0;0;0;4;1;0;0;0;1;1;0;50389;0;4822;21.6225;NA
7f026ad3-0d47-41ed-b869-d6471208318d;0;0;0;0;0;NA;NA;NA;NA;NA;NA;39;16.8;20;Diversified entertainment;Entertainment;TRUE;16200;16200;no_match;0.2;1;0;0;5;1;0;0;0;1;1;1;1;1;1;1;0;0;0;37730;10.6783333333;1
2f064cd5-1a44-4744-a12f-2348498d4dc7;0;54701;0;96;0;0.8191099071;1;2;2;2;2;31;18.6666666667;17.3333333333;Jewelry & Watches;Jewelry & Accessories;TRUE;3285;5215;Nick;0.6666666667;4;0;0;2;1;1;0;0;31;2;1;1;2;2;2;0;44315;37376;28759;16.0872222222;1
0f9138cf-ff1c-48ac-89c5-7eaaab1cd6b9;0;0;0;0;0;NA;NA;NA;NA;NA;NA;39;18.8333333333;23.6666666667;Diversified entertainment;Entertainment;TRUE;39120;39120;F;0.0833333333;1;0;0;10;9;2;0;0;1;2;1;1;2;2;2;0;0;0;95455;15.7402777778;1
89ae1093-9864-46c3-bb8e-68832902e7f1;0;4838;0;0;0;3.8305886475;1;1;1;1;1;35;12.7777777778;9.3333333333;Diversified entertainment;Entertainment;TRUE;5447;5975;F;0.037037037;1;0;0;25;16;2;0;0;2;1;1;1;1;2;2;0;0;4739;62522;9.5488888889;1
731bc9a9-42ac-472f-af0a-8c0720c22979;0;0;0;0;0;NA;NA;NA;NA;NA;NA;45;NA;NA;Prints & Photos;Leisure, Sport & Hobby;FALSE;0;0;no_match;NA;0;0;0;0;0;0;NA;NA;0;0;0;0;0;0;0;0;0;0;0;13.4586111111;NA
ccd7992f-74c1-4b2f-92ba-3a1fea67c20a;0;6706;0;0;0;0;1;1;1;1;1;34;15.1578947368;14;Diversified entertainment;Entertainment;TRUE;14950;14950;Nick;0.3157894737;6;0;0;19;41;0;0;0;6;1;1;1;1;1;1;0;7065;0;82153;9.3327777778;1
c55eb42d-5d63-4291-b0e2-c78107ce4137;0;0;NA;NA;NA;NA;NA;NA;NA;NA;NA;44;12.125;13;Diversified entertainment;Entertainment;TRUE;3280;3280;F+L;0;0;0;0;8;5;0;0;0;0;1;1;1;1;1;1;0;0;0;18490;12.305;NA
e9c39a29-25fb-44cd-9acc-673b64f49b71;0;0;0;0;0;NA;NA;NA;NA;NA;NA;34;14;14;Books & Magazines;Entertainment;TRUE;10700;10700;L1+F;0;0;0;0;1;0;0;0;0;0;1;0;0;1;1;1;0;0;0;10700;9.0602777778;NA
a18f31e4-d696-4367-adb4-8fa5eff358c4;0;0;0;0;0;NA;NA;NA;NA;NA;NA;35;8;8;Sports gear & Outdoor;Leisure, Sport & Hobby;TRUE;16740;16740;Nick;0;0;0;0;1;0;0;0;0;0;1;0;0;1;1;1;0;0;0;16740;7.6616666667;NA
53c0386d-1e0d-4501-b3ca-0f32a21bc0b8;0;0;0;0;0;NA;NA;NA;NA;NA;NA;26;8;NA;Personal care & Body improvement;Health & Beauty;TRUE;5890;5890;F+L;0;0;0;0;2;0;0;0;0;0;1;1;0;0;1;1;0;0;0;9670;13.8022222222;NA
001b4e6e-98f2-4d17-9715-b7c74e190896;0;0;0;0;0;NA;NA;NA;NA;NA;NA;18;12.3333333333;12;Prints & Photos;Leisure, Sport & Hobby;TRUE;12140;12140;L1+F;0;0;0;0;3;0;0;0;0;0;1;1;1;1;1;1;0;0;0;23561;2.3338888889;NA
b49ac3e8-ec5e-4f10-92ff-49a59b0642f6;0;0;0;0;0;NA;NA;NA;NA;NA;NA;30;NA;NA;General Shoes & Clothing;Clothing & Shoes;FALSE;0;0;Nick;NA;0;0;0;0;0;0;NA;NA;0;0;0;0;0;0;0;0;0;0;0;15.2061111111;NA
3105a2fd-353a-47f8-a6d1-f84d05d948ec;0;0;NA;NA;NA;NA;NA;NA;NA;NA;NA;33;15.1111111111;NA;Diversified entertainment;Entertainment;TRUE;4620;16650;F+L;0;0;0;1;9;8;0;0;0;0;1;1;1;1;1;3;0;0;0;26671;13.8027777778;NA
e8d9a740-9c64-41d4-a978-09d934739709;0;5778;0;0;0;3.9517083014;1;1;1;1;1;23;14.2;NA;Diversified entertainment;Entertainment;TRUE;14150;14150;F1+L;0;0;0;0;5;0;0;0;0;4;1;1;1;0;1;2;0;7204;0;27390;22.6638888889;NA
fd37941c-c7ea-4004-b63f-851e267f7533;0;0;0;0;0;NA;NA;NA;NA;NA;NA;19;19;19;Dietary supplements;Health & Beauty;TRUE;7527;7527;F1+L;0;0;0;0;1;0;0;0;0;0;1;0;0;1;1;1;0;0;0;7527;6.765;NA
15aebe66-0064-4de6-97e2-a4bb547a6bfd;0;0;0;0;0;NA;NA;NA;NA;NA;NA;20;NA;NA;Diversified entertainment;Entertainment;FALSE;0;0;F1+L;NA;0;0;0;0;0;0;NA;NA;0;0;0;0;0;0;0;0;0;0;0;22.3891666667;NA
ba4b9722-ba87-4ee0-8ca6-5f1714eb5a75;0;18427;0;0;0;0.8270356234;1;1;1;1;2;30;10.2;15;Youthful Shoes & Clothing;Clothing & Shoes;TRUE;17415;17415;no_match;0;0;0;0;14;20;1;0;0;11;1;1;1;1;2;2;0;17059;1961;50270;13.5513888889;NA
a64ed145-bd01-4776-bb2a-68f2306a7041;0;0;NA;NA;NA;NA;NA;NA;NA;NA;NA;45;21;NA;Books & Magazines;Entertainment;TRUE;2340;5020;F+L;0;0;0;0;2;5;0;0;0;0;1;1;1;1;1;1;0;0;0;5320;14.8108333333;NA
20760737-dc43-4042-9a44-8a71ccc5d7fc;0;7981;0;9;0;0;1;1;2;1;1;46;30;20;Diversified entertainment;Entertainment;TRUE;7580;13510;F+L;0;0;0;0;2;2;1;0;0;0;1;2;1;1;2;2;0;0;8052;15950;18.9775;NA
6c7dde0b-5ae1-403d-81b0-2de3aaf31511;0;0;0;0;0;NA;NA;NA;NA;NA;NA;28;NA;NA;Children toys;Children Products;FALSE;0;0;F+L;NA;0;0;0;0;0;0;NA;NA;0;0;0;0;0;0;0;0;0;0;0;21.4305555556;NA
f2acaee0-a6ea-40af-aaa4-bb4b79149754;0;0;0;0;0;NA;NA;NA;NA;NA;NA;48;13;NA;Diversified entertainment;Entertainment;TRUE;4540;4540;no_match;0;0;0;0;1;0;0;0;0;0;1;0;0;0;1;1;0;0;0;4540;8.8233333333;NA
55a3a3ae-b106-4ed5-82ca-53472509de28;0;0;0;0;0;NA;NA;NA;NA;NA;NA;27;12;NA;Diversified entertainment;Entertainment;TRUE;31695;31695;F+L;0;0;0;0;1;0;0;0;0;0;1;0;0;0;1;1;0;0;0;31695;16.7352777778;NA
10eecd7b-38a3-441b-b1d3-c763d6d013bc;0;0;0;0;0;0;1;1;NA;1;1;18;23;12;Youthful Shoes & Clothing;Clothing & Shoes;TRUE;3776;3776;Nick;0.5;1;0;0;1;0;1;0;0;1;1;2;0;1;2;2;0;36903;0;6770;21.5336111111;1
40e86753-f640-409c-b593-5bcb06652fa1;0;0;0;0;0;NA;NA;NA;NA;NA;NA;48;5.8709677419;5.75;Diversified entertainment;Entertainment;TRUE;30195;30195;L;0.1428571429;5;0;0;31;21;0;0;0;6;1;1;1;1;1;1;0;0;0;140669;14.7238888889;1
c918e269-2416-43ea-80c7-729f4634f200;0;0;0;0;0;NA;NA;NA;NA;NA;NA;60;23.5;14;Books & Magazines;Entertainment;TRUE;11790;11790;F+L;0.1;1;0;0;9;6;1;0;0;1;1;1;1;1;2;2;0;0;0;55380;19.2297222222;1
d54ede57-d7d3-4aa9-b1b4-248c396afae6;0;0;0;48;23;0.5882030178;1;2;3;2;2;40;42;42;Diversified entertainment;Entertainment;TRUE;1390;6170;F+L;0;0;0;2;0;0;1;0;0;2;2;3;3;2;2;3;0;4396;5147;1390;19.1063888889;NA
eeda2bce-2e32-4647-8a44-64efb5dd387d;0;0;0;0;0;1.6941272041;1;1;NA;1;NA;27;5.5;5.5;Diversified entertainment;Entertainment;TRUE;6941;6941;F1+L;0;0;0;0;4;3;0;0;0;2;1;1;1;1;1;1;0;35474;0;12796;9.2930555556;NA
557a6dfb-6f20-4bf0-8097-a45d0fdbfec4;0;0;0;0;0;NA;1;1;1;1;1;40;13.2;NA;Diversified entertainment;Entertainment;TRUE;7630;9090;F+L;0;0;0;0;5;7;0;0;0;0;1;1;1;1;1;1;0;0;0;25861;13.8322222222;NA
30be4f9c-3945-48b4-879a-fc5e466893ee;0;0;NA;NA;NA;NA;NA;NA;NA;NA;NA;19;NA;NA;Youthful Shoes & Clothing;Clothing & Shoes;TRUE;0;15000;no_match;NA;0;0;0;0;5;0;0;0;0;1;1;2;0;0;2;0;0;0;0;22.3525;NA
fefdf564-7956-4b46-8e14-c45732618a9c;0;0;0;0;0;NA;NA;NA;NA;NA;NA;49;13;NA;Concept stores & Miscellaneous;Leisure, Sport & Hobby;TRUE;7144;7144;Nick;0.5;1;0;0;1;4;0;0;0;1;1;1;1;1;1;1;0;0;0;13929;19.4094444444;1
c246e989-5dbf-49ef-a8ea-9dd51637fbe4;0;0;NA;NA;NA;NA;NA;NA;NA;NA;NA;21;14.3225806452;11.8571428571;Cosmetics;Health & Beauty;TRUE;20780;20780;F+L;0.0161290323;1;0;0;60;20;1;0;0;1;1;1;1;1;2;2;0;0;0;261518;21.3725;1
6f3a8250-3b09-43f3-9b04-a309c036b5a2;0;0;NA;NA;NA;NA;NA;NA;NA;NA;NA;40;15.5;17;Diversified entertainment;Entertainment;TRUE;3885;3995;F+L;0.5;1;0;0;2;4;0;0;0;1;1;1;1;1;1;1;0;0;0;6265;9.0161111111;1
8c8fc5cf-e824-41cc-9de1-3b06bc7e0c66;0;0;0;0;0;NA;NA;NA;NA;NA;NA;35;NA;NA;Concept stores & Miscellaneous;Leisure, Sport & Hobby;FALSE;0;0;no_match;NA;0;0;0;0;0;0;NA;NA;0;0;0;0;0;0;0;0;0;0;0;17.2136111111;NA
af13342b-00c3-474a-9230-0c33e72b1725;0;0;0;0;0;NA;NA;NA;NA;NA;NA;42;12;10;Diversified entertainment;Entertainment;TRUE;1885;1885;Nick;0;0;0;0;5;1;0;0;0;0;1;1;1;1;1;1;0;0;0;5950;18.7544444444;NA
7660f466-462d-4abc-afa3-391ce5c7e463;0;0;NA;NA;NA;NA;NA;NA;NA;NA;NA;23;15.8157894737;17.875;Diversified entertainment;Entertainment;TRUE;10270;10270;F1+L;0.0526315789;2;0;0;37;23;1;0;0;2;1;1;1;1;2;2;0;0;0;98508;12.8866666667;1
8e44b684-fe2c-45b7-a2d6-e158456c9328;0;22076;0;0;0;0.0017678055;1;1;1;2;2;46;NA;NA;Non;Jewelry & Accessories;TRUE;0;15760;no_match;NA;0;0;0;0;2;0;0;0;1;2;1;2;0;0;2;0;21443;605;0;9.6838888889;NA
4a3fb23e-83c2-4053-a832-a92d450c3b7b;0;0;0;0;0;NA;NA;NA;NA;NA;NA;34;NA;NA;Diversified entertainment;Entertainment;FALSE;0;0;F+L;NA;0;0;0;0;0;0;NA;NA;0;0;0;0;0;0;0;0;0;0;0;18.3011111111;NA
d6bcbfbc-cfac-416d-b1f6-e3eed4bff7df;0;0;NA;NA;NA;NA;NA;NA;NA;NA;NA;18;NA;NA;Diversified entertainment;Entertainment;FALSE;0;0;F+L;NA;0;0;0;0;0;0;NA;NA;0;0;0;0;0;0;0;0;0;0;0;16.6030555556;NA
79f2ec74-9b13-49b3-b645-a031ad283192;0;0;0;0;0;NA;NA;NA;NA;NA;NA;28;NA;NA;Sports gear & Outdoor;Leisure, Sport & Hobby;TRUE;0;0;F+L;NA;0;0;0;0;0;0;NA;NA;0;0;0;0;0;0;0;0;0;0;0;13.6008333333;NA
7501d7fe-ac98-4993-8095-be2de5ca757c;0;32937;0;27;0;0.7508686151;1;1;2;1;1;27;22.2352941176;18.4;Jewelry & Watches;Jewelry & Accessories;TRUE;6395;15219;F+L;0.1764705882;3;0;2;15;2;2;0;0;10;1;1;1;2;2;3;0;76575;33025;68359;14.0341666667;1
0d6ac429-83bb-42e9-8139-0d96ac8eb5b0;0;0;0;0;0;NA;1;1;NA;1;1;44;12.696969697;12.125;Diversified entertainment;Entertainment;TRUE;8585;8585;L1+F;0.0810810811;3;0;0;31;13;2;0;0;4;1;1;1;2;2;2;0;0;0;79340;19.5822222222;1
7d21b7da-e066-4409-b114-5299568ebb5d;0;0;0;0;0;NA;1;1;1;1;1;25;20;NA;Books & Magazines;Entertainment;TRUE;6695;6695;F+L;0;0;0;0;1;4;0;0;0;0;1;1;1;0;1;1;0;0;0;11265;13.6761111111;NA
9d85d5ef-3bdc-45a7-8185-e98f863ac49b;0;0;NA;NA;NA;NA;NA;NA;NA;NA;NA;63;NA;NA;Diversified entertainment;Entertainment;FALSE;0;0;F+L;NA;0;0;0;0;0;0;NA;NA;0;0;0;0;0;0;0;0;0;0;0;22.6472222222;NA
65ec151c-67bb-4ea3-8ef1-08f5ed3a38d1;0;0;0;0;0;NA;NA;NA;NA;NA;NA;44;NA;NA;Diversified erotic material;Erotic Materials;FALSE;0;0;no_match;NA;0;0;0;0;0;0;NA;NA;0;0;0;0;0;0;0;0;0;0;0;11.8933333333;NA
dad42cd3-51a1-4b1e-be23-620fb0affe6e;0;0;0;0;0;NA;NA;NA;NA;NA;NA;42;14.3333333333;NA;Diversified entertainment;Entertainment;TRUE;6985;6985;F+L;0;0;0;0;3;1;0;0;0;0;1;1;1;1;1;1;0;0;0;13550;8.8977777778;NA
b411823c-dbdc-41d7-859c-d1b7aea52c4d;0;23660;0;0;0;0.3980290098;1;1;1;1;1;18;24.4;21;Jewelry & Watches;Jewelry & Accessories;TRUE;15344;15344;F+L;0;0;0;0;3;2;2;0;0;5;1;2;2;1;2;2;0;88767;1802;60000;9.9308333333;NA
145e9277-97bb-4eb1-a389-2dd49bfb5c6b;0;5757;0;0;0;0;1;1;1;1;1;26;23;NA;General Shoes & Clothing;Clothing & Shoes;TRUE;9546;9546;F+L;0;0;0;0;1;0;1;0;0;0;1;2;0;1;2;2;0;0;26873;21996;23.3722222222;NA
53bba369-4a16-45cb-a186-76a0a7d2238d;0;0;0;0;0;4.5427;1;2;NA;1;NA;34;20.3333333333;4;Diversified entertainment;Entertainment;TRUE;7740;10995;F1+L;0;0;0;0;2;3;1;0;0;1;1;1;2;1;2;2;0;9046;0;20250;19.0613888889;NA
fd9b6a1f-10ef-4e74-95c5-3b92ed23393b;0;0;0;0;0;NA;NA;NA;NA;NA;NA;28;10.8;NA;Dietary supplements;Health & Beauty;TRUE;50970;50970;L1+F;0;0;0;0;5;0;0;0;0;0;1;1;1;1;1;1;0;0;0;97282;21.0052777778;NA
306978cb-87b5-4260-ac07-7391f91cf9d4;0;87954;0;0;0;0.4287901778;2;2;1;1;1;22;20.375;NA;Books & Magazines;Entertainment;TRUE;17685;17685;no_match;0;0;0;0;6;3;2;0;0;2;2;1;1;2;2;2;0;66194;0;45835;0.7758333333;NA
00c68c4e-7cb0-4c24-93e5-755998a2e2fc;0;0;0;0;0;NA;1;1;1;1;1;21;7.7368421053;7.4444444444;Diversified entertainment;Entertainment;TRUE;35870;35870;no_match;0;0;0;0;19;9;0;0;0;0;1;1;1;1;1;1;0;0;0;202794;16.8591666667;NA
11cff84f-1e54-4432-846d-a84ffa6d58b7;0;0;0;0;0;NA;NA;NA;NA;NA;NA;27;14.6666666667;15.5;Concept stores & Miscellaneous;Leisure, Sport & Hobby;TRUE;10742;10742;F+L;0.3333333333;1;0;0;3;0;0;0;0;1;1;1;1;1;1;1;0;0;0;17012;14.5922222222;1
dd858444-3931-4129-bb18-a29834408e50;0;0;NA;NA;NA;NA;NA;NA;NA;NA;NA;35;7.5;11;Diversified entertainment;Entertainment;TRUE;2290;4315;F+L;0;0;0;0;4;5;0;0;0;0;1;1;1;1;1;1;0;0;0;4670;22.2230555556;NA
6db309e4-a428-45d1-86b5-6f87701adb6f;0;0;0;0;0;1.1661925366;1;1;NA;1;1;29;14.1818181818;15.6363636364;Sports gear & Outdoor;Leisure, Sport & Hobby;TRUE;18668;18668;no_match;0.2272727273;5;0;0;19;5;3;0;0;7;1;1;2;2;2;2;0;36827;0;155434;15.6475;1
cf476ade-7321-4cd3-9f81-85dd9a020aad;0;0;NA;NA;NA;NA;NA;NA;NA;NA;NA;42;31.1428571429;NA;Diversified entertainment;Entertainment;TRUE;6290;6290;Nick;0.1111111111;1;0;0;3;6;4;0;0;1;2;2;2;2;2;2;0;0;0;39275;15.94;1
6d3e9b5d-13ba-43b3-a547-7aec396ef9cf;0;0;0;0;0;NA;NA;NA;NA;NA;NA;39;NA;NA;General Shoes & Clothing;Clothing & Shoes;FALSE;0;0;F+L;NA;0;0;0;0;0;0;NA;NA;0;0;0;0;0;0;0;0;0;0;0;14.8738888889;NA
889a87db-5b4d-4be7-b2d8-6755ff56c425;0;0;0;0;0;NA;NA;NA;NA;NA;NA;26;18.4285714286;NA;Diversified entertainment;Entertainment;TRUE;10085;10085;F1+L;0;0;0;0;6;8;1;0;0;0;1;2;1;2;2;2;0;0;0;51185;15.2922222222;NA
da42a947-8ecf-4b62-ac69-6fdaab90d806;0;0;0;0;0;0;1;1;NA;1;1;23;51;51;Pet supplies;Home & Garden;TRUE;27980;27980;no_match;1;1;0;0;0;0;1;0;0;1;2;0;0;2;2;2;0;195;0;36180;19.3497222222;1
ff418786-32b4-46e6-8b15-3f78ab62c93b;0;0;0;0;0;NA;1;1;1;1;1;43;8.9285714286;13;Diversified entertainment;Entertainment;TRUE;4880;5145;F+L;0;0;0;0;14;6;0;0;0;0;1;1;1;1;1;1;0;0;0;42813;9.7480555556;NA
16f78d25-4fa9-4d5c-9078-e8f609fd6e67;0;48241;0;0;0;0.6048944174;1;1;1;1;1;32;16.7037037037;10;Diversified entertainment;Entertainment;TRUE;9580;10290;no_match;0.0344827586;1;0;0;27;47;0;0;0;3;1;1;1;1;1;1;0;6338;59869;98003;18.5477777778;1
4cec976d-ec10-43c3-9d4a-e811fde7d01f;0;0;0;0;0;3.0082372881;1;1;NA;1;1;21;9.3333333333;12.5;Prints & Photos;Leisure, Sport & Hobby;TRUE;7770;7770;F+L;0.3333333333;1;0;0;3;0;0;0;0;7;1;1;1;1;1;1;0;18285;0;19511;10.2030555556;1
c38d0a87-8f7e-4c31-9cd7-723344a47d34;0;8056;0;5;0;1.179629579;1;1;2;1;1;38;15;NA;Diversified entertainment;Entertainment;TRUE;5890;5890;F+L;0;0;0;0;6;3;0;0;0;1;1;1;1;1;1;2;0;20563;7973;13190;15.3044444444;NA
0b8fcd18-3c75-4383-a6bd-2fda87b39e80;0;0;NA;NA;NA;NA;NA;NA;NA;NA;NA;30;14.7142857143;3;Jewelry & Watches;Jewelry & Accessories;TRUE;15990;31895;F+L;0;0;0;0;7;9;0;0;0;0;1;1;1;1;1;1;0;0;0;35432;4.3047222222;NA
8b9ef380-c175-4dde-a1f0-9f28af6d63dc;0;0;0;0;0;NA;NA;NA;NA;NA;NA;28;8;13;Diversified electronics;Electronics;TRUE;20650;20650;F1+L;0;0;0;1;2;4;0;0;0;0;1;1;1;1;1;3;0;0;0;27268;20.8605555556;NA
afcfc043-f2dc-4b80-b6e9-4d8d57d544db;0;0;0;0;0;NA;1;1;NA;NA;NA;22;16.3333333333;NA;Diversified entertainment;Entertainment;TRUE;5573;5573;no_match;0.3333333333;1;0;0;2;3;1;0;0;2;1;2;1;2;2;2;0;0;0;10158;13.2438888889;1
6a9ad385-5a32-41bf-946d-f011523fc628;0;0;0;0;0;0.4172786177;2;2;NA;NA;NA;43;16.2857142857;15;Jewelry & Watches;Jewelry & Accessories;TRUE;12695;12695;F+L;0;0;0;0;7;0;0;0;0;1;1;1;1;1;1;1;0;1349;0;62441;15.3913888889;NA
f41ac06a-2598-411d-a5b8-ef836b28616b;0;0;NA;NA;NA;NA;NA;NA;NA;NA;NA;23;28.5;16;Children Clothes & Nurturing products;Children Products;TRUE;8680;8680;F1+L;0;0;0;0;1;1;1;0;0;0;1;2;1;2;2;2;0;0;0;12470;13.5144444444;NA
bfcadf5a-55fd-456a-83d1-13470bb41755;0;0;0;0;0;NA;1;1;NA;NA;NA;20;60;NA;Youthful Shoes & Clothing;Clothing & Shoes;TRUE;8285;13200;F+L;0;0;1;0;1;10;4;0;0;1;1;3;2;0;3;3;0;0;0;45414;21.5702777778;NA
05911d66-518c-40d7-8426-2dfc05f7c714;0;20322;0;0;0;0;1;1;1;1;1;42;10.3797468354;3.6666666667;Diversified entertainment;Entertainment;TRUE;29765;35414;F+L;0.0476190476;4;0;0;75;49;2;0;0;5;1;2;1;2;2;2;0;31067;20390;648207;19.5494444444;1
ef4a21a9-77b7-4408-ba41-e0efe284fb03;0;0;0;0;0;NA;NA;NA;NA;NA;NA;40;NA;NA;Dietary supplements;Health & Beauty;TRUE;3705;15223;Nick;0;0;0;0;0;2;0;0;0;0;2;1;1;0;2;2;0;0;0;3705;17.725;NA
a54553d5-9fdb-426e-8d40-261aa11ca53e;0;0;0;0;0;NA;NA;NA;NA;NA;NA;46;10.6666666667;11;Diversified entertainment;Entertainment;TRUE;6356;10600;Nick;0;0;0;0;3;5;0;0;0;0;1;1;1;1;1;1;0;0;0;13426;19.9219444444;NA
4e4bab51-b4cc-499f-abf4-34180834147a;0;0;0;0;0;NA;NA;NA;NA;NA;NA;36;NA;NA;Diversified entertainment;Entertainment;FALSE;0;0;F+L;NA;0;0;0;0;0;0;NA;NA;0;0;0;0;0;0;0;0;0;0;0;20.5291666667;NA
80059569-b5c4-4090-a91b-615a0b01cb2a;0;0;0;0;0;NA;NA;NA;NA;NA;NA;55;9.7166666667;10.5625;Diversified entertainment;Entertainment;TRUE;17766;19255;L1+F;0.0483870968;3;0;0;59;76;0;0;0;3;1;1;1;1;1;1;0;0;0;396378;16.3380555556;1
68a7aec8-06c2-411e-9c62-27940592bda0;0;0;0;0;0;NA;NA;NA;NA;NA;NA;22;33;47;Books & Magazines;Entertainment;TRUE;8350;8350;L1+F;0;0;0;0;1;0;1;0;0;0;2;1;0;2;2;2;0;0;0;9920;22.1075;NA
7cd26d9f-aa38-4a72-a149-f55dd02e11e3;0;0;0;0;0;NA;NA;NA;NA;NA;NA;47;20;NA;Books & Magazines;Entertainment;TRUE;980;980;F+L;0;0;0;0;1;0;0;0;0;0;1;0;0;0;1;1;0;0;0;980;19.6955555556;NA
58cace67-964e-4506-a266-290b86898383;0;0;0;0;0;NA;NA;NA;NA;NA;NA;47;16.9;14;Concept stores & Miscellaneous;Leisure, Sport & Hobby;TRUE;18860;18860;no_match;0;0;0;0;9;10;1;0;0;0;1;1;1;2;2;2;0;0;0;109395;18.3127777778;NA
30098dfd-4aa2-45f9-876c-6f3627baaa1f;0;26018;0;0;0;0;1;1;1;1;1;45;35;NA;Diversified entertainment;Entertainment;TRUE;6024;6024;F;0;0;0;0;0;0;1;0;0;0;2;2;2;2;2;2;0;4562;7275;11524;16.1236111111;NA
ebd28de0-9acf-4f8d-b944-d46e71f4bf9e;0;0;0;0;0;NA;NA;NA;NA;NA;NA;28;13.5;NA;Youthful Shoes & Clothing;Clothing & Shoes;TRUE;19908;24234;no_match;0.05;1;0;0;20;14;0;0;0;1;1;1;1;1;1;1;0;0;0;193619;11.1811111111;1
43e0317f-9d12-43e8-9c63-e5847169b877;0;0;0;0;0;NA;NA;NA;NA;NA;NA;38;NA;NA;General Shoes & Clothing;Clothing & Shoes;TRUE;0;0;Nick;NA;0;0;0;0;0;0;NA;NA;0;0;0;0;0;0;0;0;0;0;0;20.6747222222;NA
2dc12db5-de88-4a0c-844e-7ede64896b2a;0;0;NA;NA;NA;NA;NA;NA;NA;NA;NA;18;NA;NA;Dietary supplements;Health & Beauty;FALSE;0;0;F+L;NA;0;0;0;0;0;0;NA;NA;0;0;0;0;0;0;0;0;0;0;0;9.6511111111;NA
3fda0af6-38a1-469c-9b65-0c5543bce8e9;0;0;0;0;0;NA;NA;NA;NA;NA;NA;35;9.0909090909;0;Diversified entertainment;Entertainment;TRUE;5900;18149;F+L;0;0;0;0;11;10;0;0;0;0;1;1;1;1;1;1;0;0;0;19666;8.0011111111;NA
96b32523-22c0-4912-b564-701c7af6c062;0;0;0;0;0;NA;NA;NA;NA;NA;NA;64;NA;NA;Personal care & Body improvement;Health & Beauty;FALSE;0;0;L;NA;0;0;0;0;0;0;NA;NA;0;0;0;0;0;0;0;0;0;0;0;20.2766666667;NA
1de6f27c-82e6-4de3-be6d-1697c081d211;0;0;NA;NA;NA;NA;NA;NA;NA;NA;NA;29;6.6666666667;9;Sports gear & Outdoor;Leisure, Sport & Hobby;TRUE;9995;11590;L1+F;0;0;0;0;3;2;0;0;0;0;1;1;1;1;1;1;0;0;0;23131;16.6719444444;NA
4f45f2ad-177c-4a6c-bd28-5eadd4b6eef8;0;0;0;0;0;NA;NA;NA;NA;NA;NA;39;12.1956521739;18.2;Diversified entertainment;Entertainment;TRUE;8050;8050;F;0.0416666667;2;0;0;46;65;0;0;0;2;1;1;1;1;1;1;0;0;0;121976;9.1636111111;1
0ad90ebe-2538-4143-b134-d7db8d4c4838;0;0;NA;NA;NA;NA;NA;NA;NA;NA;NA;20;9;NA;Electronic equipment & Related accessories;Electronics;TRUE;13985;13985;F1+L;0;0;0;0;1;0;0;0;0;0;1;0;0;1;1;1;0;0;0;13985;13.4933333333;NA
1df84ffc-0bc3-4490-b25c-16b803553b92;0;811;0;0;0;0;1;1;1;1;1;42;17.1071428571;14;Books & Magazines;Entertainment;TRUE;18980;18980;F+L;0;0;0;0;28;7;0;0;0;0;1;1;1;1;1;1;0;0;509;160200;14.0069444444;NA
85f704ad-fa4e-418d-858c-cb6f3a9ffe06;0;0;0;0;0;NA;NA;NA;NA;NA;NA;21;14.5;NA;Youthful Shoes & Clothing;Clothing & Shoes;TRUE;10700;10700;F+L;0;0;0;0;2;1;0;0;0;0;1;1;1;0;1;1;0;0;0;15870;11.4111111111;NA
b56d757b-4c87-4453-8614-e797b7405b05;0;0;0;0;0;NA;1;1;1;1;1;25;29.1724137931;41;Hobby articles;Leisure, Sport & Hobby;TRUE;11506;11506;no_match;0.1333333333;4;0;0;9;41;20;0;0;4;2;2;2;2;2;2;0;0;0;99606;17.5463888889;2
44f6e1f2-01aa-4c46-9e47-66b85f0e927e;0;0;0;0;0;NA;NA;NA;NA;NA;NA;18;NA;NA;Diversified entertainment;Entertainment;FALSE;0;0;F+L;NA;0;0;0;0;0;0;NA;NA;0;0;0;0;0;0;0;0;0;0;0;15.2352777778;NA
95dc735b-f075-4bca-8ea1-27ad16b78487;0;65760;0;3;0;0.2046461324;1;2;2;2;2;56;NA;NA;Food & Beverage;Food & Beverage;TRUE;0;0;F1+L;NA;0;0;0;0;0;0;NA;NA;1;0;0;0;0;0;0;0;46915;5074;0;16.7419444444;NA
fb24af7c-e3f7-474e-8dc4-85b4546d66e1;0;0;0;0;0;NA;1;1;1;1;1;32;10.4;NA;Diversified entertainment;Entertainment;TRUE;3080;3080;Nick;0;0;0;0;5;0;0;0;0;1;1;1;1;1;1;1;0;0;0;7417;12.1852777778;NA
98e1636e-963a-4425-8c5d-aba566671211;0;7788;0;0;0;0;1;1;1;1;1;56;0.5517241379;0.4375;Diversified entertainment;Entertainment;TRUE;180390;180390;Nick;0.0666666667;2;0;0;27;8;0;0;0;3;1;1;1;1;1;1;0;24390;7880;308255;21.1713888889;1
ba4a8c49-911d-47d3-84bf-8dcac4b3ec5b;0;0;NA;NA;NA;NA;NA;NA;NA;NA;NA;20;41.5;NA;Youthful Shoes & Clothing;Clothing & Shoes;TRUE;19270;19270;F+L;0;0;0;0;1;0;1;0;0;0;1;2;2;0;2;2;0;0;0;38005;13.8063888889;NA
e450d48a-c813-4890-9478-6072e4ff7a07;0;0;0;0;0;NA;NA;NA;NA;NA;NA;33;4.75;2;Diversified entertainment;Entertainment;TRUE;6555;6555;L1+F;0;0;0;0;4;3;0;0;0;0;1;1;1;1;1;1;0;0;0;8335;0.8230555556;NA
578076be-f5ec-437e-8b57-8e6365d9cd76;0;0;0;0;0;NA;1;1;1;1;1;47;20.2;7;Diversified entertainment;Entertainment;TRUE;9900;9900;L1+F;0;0;0;0;4;2;1;0;0;0;1;1;1;1;2;2;0;0;0;32446;21.3127777778;NA
d3fa16cc-5a6e-4ecb-9eba-e822ea9be16f;0;17936;0;0;0;0.0713362626;1;1;1;1;1;24;28.5;19;Diversified entertainment;Entertainment;TRUE;5995;7495;L1+F;0.25;1;0;0;2;1;2;0;0;2;1;1;2;1;2;2;0;0;5564;22850;14.8622222222;1
704c66ff-b895-4eb7-a962-3d20ab98d2a8;0;2883;0;0;0;1.6342943854;1;1;1;1;1;22;23.8571428571;21;Books & Magazines;Entertainment;TRUE;3994;7460;F+L;0.4285714286;3;0;3;5;20;2;0;0;4;1;2;2;2;2;3;0;0;2900;21999;11.4205555556;2
eab7d20a-7923-499d-b019-5fafec639fce;0;5721;0;0;0;0.2038083179;1;1;1;3;2;20;39.6;35;Diversified entertainment;Entertainment;TRUE;12746;23232;no_match;0;0;0;0;2;2;3;0;0;1;2;2;1;2;2;2;0;8885;5775;43052;19.5819444444;NA
ff406ded-4beb-42c4-bcbc-86fea2eaa85a;0;86798;0;0;0;0.1584572782;1;1;1;1;1;23;10.6;NA;Personal care & Body improvement;Health & Beauty;TRUE;17700;17700;no_match;0;0;0;0;5;6;0;0;0;4;1;1;1;1;1;2;0;65667;75739;80255;17.0241666667;NA
f3aa7728-2d23-41da-88ab-eb700d03891b;0;144542;0;0;0;0.8188360958;1;1;1;2;1;40;18.2;2;Diversified entertainment;Entertainment;TRUE;3995;4290;F1+L;0.2;1;0;0;3;11;1;0;0;8;1;1;2;1;2;2;0;145684;63012;13514;9.6536111111;1
e0af98bb-baad-4ac4-ba36-207e8c13c0b4;0;0;0;0;0;NA;NA;NA;NA;NA;NA;60;NA;NA;Diversified entertainment;Entertainment;FALSE;0;0;F;NA;0;0;0;0;0;0;NA;NA;0;0;0;0;0;0;0;0;0;0;0;19.4086111111;NA
85af9134-ca55-4081-8cd3-424e1244a135;0;0;0;0;0;NA;NA;NA;NA;NA;NA;20;9;3.5;General Shoes & Clothing;Clothing & Shoes;TRUE;6490;9575;F1+L;0;0;0;0;4;2;0;0;0;0;1;1;1;1;1;1;0;0;0;27736;19.6880555556;NA
0ec824f9-b177-424e-a5ba-b83d9d342589;0;0;NA;NA;NA;NA;NA;NA;NA;NA;NA;18;12;NA;Diversified electronics;Electronics;TRUE;8417;8417;no_match;0;0;0;0;1;0;0;0;0;0;1;0;0;0;1;1;0;0;0;8417;10.0833333333;NA
b82f6a66-05e6-43b9-b971-33dae74482d1;0;0;0;0;0;0.0001511107;1;1;NA;1;2;28;40.75;NA;Children Clothes & Nurturing products;Children Products;TRUE;10435;15950;F+L;0;0;1;0;2;3;1;0;0;1;3;2;1;3;3;3;0;16545;0;36225;21.8727777778;NA
f6bf215d-2512-475d-92e1-9a66d58e7fc4;0;0;0;0;0;NA;NA;NA;NA;NA;NA;46;19.25;27;Diversified entertainment;Entertainment;TRUE;5990;53900;F+L;0;0;0;0;7;10;1;0;0;0;1;1;2;2;2;2;0;0;0;20340;21.0697222222;NA
e25e41f6-c314-4f76-ac8a-a8d0185706c7;0;0;0;0;0;NA;NA;NA;NA;NA;NA;40;NA;NA;Decoration & Art;Home & Garden;TRUE;0;6175;F+L;NA;0;0;0;0;1;0;0;0;0;1;0;0;0;0;1;0;0;0;0;9.2638888889;NA
c3a440fe-a90d-4357-b75e-d7774036f8de;0;12391;0;14;0;0;1;1;2;1;3;34;21;21;Cosmetics;Health & Beauty;TRUE;3380;3380;F1+L;0;0;0;0;1;2;0;0;0;0;1;1;1;1;1;1;0;10461;1389;3380;20.5011111111;NA
5e502165-c8bd-4526-8548-6a6803325eca;0;0;0;0;0;NA;NA;NA;NA;NA;NA;52;13.6;6.3333333333;Diversified entertainment;Entertainment;TRUE;3785;4190;F+L;0;0;0;0;4;9;1;0;0;0;1;1;1;2;2;2;0;0;0;15335;11.4088888889;NA
b01bf24e-c16b-4f17-a513-98a50670102e;0;0;0;0;0;NA;NA;NA;NA;NA;NA;18;18.5;NA;Youthful Shoes & Clothing;Clothing & Shoes;TRUE;7421;7421;F+L;0.75;3;0;0;4;0;0;0;0;3;1;1;1;1;1;1;0;0;0;25476;12.1463888889;1
3785342e-f71a-4ca2-a7fa-d327a15ce11b;0;4669;0;0;0;1.4889717807;1;1;1;1;3;33;26.3;26.5;Children Clothes & Nurturing products;Children Products;TRUE;10978;13754;F+L;0.25;3;0;0;6;6;2;0;0;8;1;2;1;2;2;2;0;13963;0;59570;15.7416666667;2
189ce230-58ac-41c6-9376-2b74e0af5a75;0;0;0;0;0;NA;NA;NA;NA;NA;NA;35;22.5;22.5;Diversified entertainment;Entertainment;TRUE;1590;1590;F+L;0;0;0;0;2;0;0;0;0;0;1;1;0;1;1;1;0;0;0;2880;0.4491666667;NA
18ad1f22-5e04-420a-bfd1-6f58751fc01f;0;70594;0;0;0;0.5276411743;1;1;1;1;1;25;10.7777777778;15;Video Games & Related accessories;Entertainment;TRUE;6590;7501;F;0;0;0;0;18;11;0;0;0;1;1;1;1;1;1;1;0;25448;70250;79932;11.9719444444;NA
f00c4adc-6ea1-4e41-a0d7-ce5a507a6efd;0;35521;0;0;0;0.1812623026;1;1;1;1;1;34;24.3333333333;NA;Concept stores & Miscellaneous;Leisure, Sport & Hobby;TRUE;7570;7570;F+L;0;0;0;0;2;0;1;0;0;4;2;1;1;0;2;2;0;68426;0;17400;14.6713888889;NA
06e3e0d3-ed93-4207-ac7e-98975cb2d3ab;0;0;NA;NA;NA;NA;NA;NA;NA;NA;NA;30;8.2;6;Diversified entertainment;Entertainment;TRUE;4270;4270;F+L;0;0;0;0;5;0;0;0;0;0;1;1;1;1;1;1;0;0;0;13020;12.1902777778;NA
1a05f8d0-2042-4e21-a3e5-6b87117eaab9;0;10514;0;0;0;0;1;1;1;1;1;36;NA;NA;Books & Magazines;Entertainment;TRUE;0;9730;L1+F;NA;0;0;0;0;1;0;0;0;0;2;1;0;0;0;2;0;17040;10584;0;22.5386111111;NA
f81051d7-0d05-468b-adba-815982e2fdb3;0;0;0;0;0;NA;NA;NA;NA;NA;NA;18;14.3333333333;NA;Youthful Shoes & Clothing;Clothing & Shoes;TRUE;20850;20850;F+L;0;0;0;0;3;0;0;0;0;0;1;1;1;1;1;1;0;0;0;29620;16.5680555556;NA
291b937a-4fd9-441f-9fd5-9f3bed7434eb;0;0;0;0;0;NA;NA;NA;NA;NA;NA;34;10.0740740741;10.2;Diversified entertainment;Entertainment;TRUE;6000;6000;no_match;0.037037037;1;0;0;27;11;0;0;0;1;1;1;1;1;1;1;0;0;0;53511;22.3861111111;1
584118aa-ec28-4a6a-8df5-e794cea47c7e;0;0;0;0;0;NA;NA;NA;NA;NA;NA;42;32.5;NA;Diversified entertainment;Entertainment;TRUE;2550;2550;F1+L;0;0;1;0;2;2;1;0;0;0;3;2;1;3;3;3;0;0;0;10290;16.5611111111;NA
e7a655cc-2849-457f-bab7-59f23ca7c06e;0;0;0;0;0;NA;NA;NA;NA;NA;NA;31;NA;NA;Sports gear & Outdoor;Leisure, Sport & Hobby;FALSE;0;0;L1+F;NA;0;0;0;0;0;0;NA;NA;0;0;0;0;0;0;0;0;0;0;0;9.7644444444;NA
bd1f292b-cea6-4023-a76a-44b8d27e8bfe;0;133340;0;0;0;0;1;1;1;2;2;21;19;9.5;Youthful Shoes & Clothing;Clothing & Shoes;TRUE;16644;29825;F+L;0;0;0;0;7;9;1;0;0;0;1;1;1;1;2;2;0;31498;28319;91743;15.4611111111;NA
d0a85a19-a06b-4ae3-ab1e-cc01bf0a7ee3;0;23134;0;0;0;0;1;1;1;1;1;21;25.5555555556;28.25;Youthful Shoes & Clothing;Clothing & Shoes;TRUE;4895;6490;F+L;0.4444444444;4;0;0;7;5;0;0;0;4;1;1;1;1;1;1;0;0;0;19396;20.3086111111;1
1f80cdb2-c9b2-44f1-968b-07bbf6231d93;0;18197;0;0;0;0;1;1;1;1;1;33;18.6666666667;6;Diversified entertainment;Entertainment;TRUE;51480;51480;F+L;0.3333333333;1;0;0;3;1;0;0;0;1;1;1;1;1;1;1;0;14145;18140;65220;19.0405555556;1
d993b624-da7f-4fd4-af43-4429ac7795fe;0;0;NA;NA;NA;NA;NA;NA;NA;NA;NA;26;11.7333333333;10;Books & Magazines;Entertainment;TRUE;7490;7680;F+L;0;0;0;0;15;2;0;0;0;0;1;1;1;1;1;1;0;0;0;43739;21.4997222222;NA
f4e6766f-a56e-48f0-a3f5-0799fe508637;0;0;0;0;0;0;1;1;NA;1;NA;22;NA;NA;Prints & Photos;Leisure, Sport & Hobby;TRUE;0;0;no_match;NA;0;0;0;0;0;0;NA;NA;0;0;0;0;0;0;0;0;3590;0;0;19.8086111111;NA
1bc4705e-441d-4532-83b8-923ad00d6f1a;0;0;0;0;0;NA;NA;NA;NA;NA;NA;59;NA;NA;Books & Magazines;Entertainment;FALSE;0;0;F+L;NA;0;0;0;0;0;0;NA;NA;0;0;0;0;0;0;0;0;0;0;0;16.5655555556;NA
62e9a690-1c2c-4cae-bdbf-6bcb46a704cb;0;19751;0;0;0;0;1;1;1;1;1;31;14;12;Children Clothes & Nurturing products;Children Products;TRUE;14995;14995;F+L;0;0;0;0;10;9;0;0;0;0;1;1;1;1;1;1;0;1;0;100264;20.68;NA
209b787f-adde-4144-acb2-0f5ef1899e85;0;0;0;0;0;NA;NA;NA;NA;NA;NA;29;11.1666666667;5;Diversified entertainment;Entertainment;TRUE;8685;9790;no_match;0.1666666667;1;0;0;6;7;0;0;0;1;1;1;1;1;1;1;0;0;0;19330;12.9211111111;1
2703824f-26ac-4f1b-9144-7077e9586006;0;50765;0;0;0;0.1823872858;1;1;1;1;1;32;13.8333333333;NA;Diversified Health & Beauty products;Health & Beauty;TRUE;5720;5720;L1+F;0;0;0;0;6;4;0;0;0;2;1;1;1;1;1;2;0;15230;28491;13538;17.9352777778;NA
6a43ddc4-48ae-4a79-a054-961633f3ec03;0;78502;0;0;0;7.60340632603406e-06;1;1;1;1;1;33;16.3333333333;NA;Youthful Shoes & Clothing;Clothing & Shoes;TRUE;63020;63020;no_match;0;0;0;0;6;9;0;0;0;0;1;1;1;1;1;1;0;100448;28600;140902;21.5180555556;NA
d2e6e078-6ab6-4bae-8956-0e1b45deefbe;0;1721;0;0;0;0;1;1;1;1;1;28;12.9090909091;8.6666666667;Books & Magazines;Entertainment;TRUE;3530;3560;F;0;0;0;0;10;6;0;0;0;0;1;1;1;1;1;1;0;17684;0;22745;13.9386111111;NA
3d2ce95f-b57c-4e98-bac8-d248731f6dac;0;0;0;365;0;0.0067567568;1;1;2;2;2;39;11.3333333333;11.3333333333;Food & Beverage;Food & Beverage;TRUE;18800;28575;L1+F;0.3333333333;1;0;0;2;2;0;0;0;2;1;1;1;1;1;1;0;0;0;39680;17.6983333333;1
d5eb6ff7-718b-407d-a9fe-ea24070464a5;0;45341;0;0;0;0.4381874356;1;1;1;1;1;22;37.5;NA;Dietary supplements;Health & Beauty;TRUE;5890;18735;F+L;0;0;0;0;1;8;1;0;0;3;2;1;1;2;2;2;0;38196;0;16861;19.0780555556;NA
9f387b16-0682-43b7-b372-03994b71e2af;0;0;NA;NA;NA;NA;NA;NA;NA;NA;NA;22;11.4;10.5;Youthful Shoes & Clothing;Clothing & Shoes;TRUE;12440;12440;no_match;0.2;1;0;0;4;0;0;0;0;1;1;1;1;1;1;1;0;0;0;29120;23.5;1
07dbc8ea-9623-41c1-b1d5-050f153d4907;0;0;0;0;0;NA;NA;NA;NA;NA;NA;41;16.2;NA;Diversified entertainment;Entertainment;TRUE;6280;6280;L;0.2;1;0;0;5;2;0;0;0;1;1;1;1;1;1;1;0;0;0;14325;18.3905555556;1
96d8fc02-8dba-471b-b9f4-79168007f2ce;0;0;0;0;0;NA;NA;NA;NA;NA;NA;66;NA;NA;Concept stores & Miscellaneous;Leisure, Sport & Hobby;FALSE;0;0;no_match;NA;0;0;0;0;0;0;NA;NA;0;0;0;0;0;0;0;0;0;0;0;18.8738888889;NA
33762c06-0bb2-42b0-9610-dc803e0db815;0;0;0;0;0;0;1;1;NA;NA;NA;19;15;NA;Dietary supplements;Health & Beauty;TRUE;8440;8440;F+L;0;0;0;0;1;0;0;0;0;0;1;0;0;0;1;1;0;9257;0;9440;0.9238888889;NA
15dd19ad-804e-4047-8099-b1ed279a65c6;0;0;0;0;0;1.062261508;1;2;NA;1;2;31;35;NA;Sports gear & Outdoor;Leisure, Sport & Hobby;TRUE;12000;12000;F+L;0.375;3;0;0;4;1;4;0;0;5;2;1;1;2;2;2;0;12599;0;55343;15.8438888889;2
cfda2e9f-a0f3-4ae7-9e87-1dcacda10ee7;0;0;0;0;0;NA;1;1;1;1;1;46;14.1111111111;17;Diversified entertainment;Entertainment;TRUE;9485;9485;F+L;0.0714285714;2;0;0;27;6;0;0;0;3;1;1;1;1;1;1;0;0;0;59096;18.7922222222;1
9a260670-2da8-464e-9e9f-d6f9ba98c0e4;0;86759;0;1;0;0.1948017644;1;2;2;2;2;64;24.6666666667;26;Youthful Shoes & Clothing;Clothing & Shoes;TRUE;13295;16295;F+L;0;0;0;0;5;6;1;0;0;6;1;1;1;1;2;2;0;87070;42521;48568;8.8955555556;NA
037fdd71-d4d0-4721-af0f-b9b91cc705c1;0;52181;0;19;0;0.9730892608;1;1;2;2;1;42;19.125;14.5;Video Games & Related accessories;Entertainment;TRUE;3380;8875;Nick;0;0;0;0;8;11;0;0;0;10;1;1;1;1;1;2;0;39010;55926;20895;13.9008333333;NA
94c4a8a2-54ec-4084-857b-596707fa6d4a;0;0;NA;NA;NA;NA;NA;NA;NA;NA;NA;21;5;5;Youthful Shoes & Clothing;Clothing & Shoes;TRUE;5985;5985;F1+L;1;1;0;0;1;0;0;0;0;1;1;0;0;1;1;1;0;0;0;5985;20.6336111111;1
bf09dd4e-9505-454b-9fdb-1febf48bb3bc;0;0;NA;NA;NA;NA;NA;NA;NA;NA;NA;53;17.1666666667;19.3333333333;Electronic equipment & Related accessories;Electronics;TRUE;12075;12075;F+L;0;0;0;0;6;0;0;0;0;0;1;1;1;1;1;1;0;0;0;31614;13.7591666667;NA
23904ce1-2585-4f71-84ce-6e22553af239;0;0;0;0;0;NA;NA;NA;NA;NA;NA;44;NA;NA;Diversified entertainment;Entertainment;FALSE;0;0;L1+F;NA;0;0;0;0;0;0;NA;NA;0;0;0;0;0;0;0;0;0;0;0;13.4138888889;NA
17697eb3-45a7-4355-a270-8a3c6cb75628;0;124048;0;16;0;1.1793425814;1;1;2;1;1;52;16.6666666667;NA;Diversified entertainment;Entertainment;TRUE;5280;5280;Nick;0.1111111111;1;0;0;9;5;0;0;0;35;1;1;1;1;1;2;0;72558;34654;29103;7.9652777778;1
1cb9eff5-94a1-490f-8b78-25222303ab7c;0;0;0;0;0;NA;NA;NA;NA;NA;NA;40;12;4;Cosmetics;Health & Beauty;TRUE;3080;4550;L1+F;0.2;1;0;1;3;3;0;0;0;1;1;1;1;1;1;3;0;0;0;10630;15.2525;1
93431127-94c5-4cca-adc1-964192ba7d4c;0;3386;0;0;0;0;1;1;1;1;1;47;15.6666666667;NA;Diversified entertainment;Entertainment;TRUE;7943;29750;Nick;0;0;0;0;3;6;0;0;0;0;1;1;1;0;1;2;0;3980;3395;14982;16.2366666667;NA
ec9a1186-4f7a-4de3-b4e7-173019b9d964;0;0;NA;NA;NA;NA;NA;NA;NA;NA;NA;19;12.8;10;Concept stores & Miscellaneous;Leisure, Sport & Hobby;TRUE;9935;9935;F;0.2;1;0;0;5;0;0;0;0;1;1;1;1;1;1;1;0;0;0;38930;14.4552777778;1
502653f4-499b-4a3e-b890-3ecb1277d844;0;8648;0;0;0;0.9038518623;1;1;1;1;1;18;36;36;Diversified entertainment;Entertainment;TRUE;1795;1795;F+L;2;2;0;0;0;0;1;0;0;6;2;0;0;2;2;2;0;57110;115;1795;16.0644444444;2
de6ebfb7-2813-44c4-b179-e4bdcb8218a8;0;0;0;0;0;NA;1;1;NA;1;NA;65;11.9166666667;11.2727272727;Diversified Home & Garden products;Home & Garden;TRUE;25680;25680;F+L;0.0416666667;1;0;0;23;39;0;0;0;1;1;1;1;1;1;1;0;0;0;102214;5.8602777778;1
09030e0f-a5ae-4082-a24c-57c644e1be71;0;0;0;0;0;NA;NA;NA;NA;NA;NA;39;8.4375;5.1666666667;Sports gear & Outdoor;Leisure, Sport & Hobby;TRUE;11790;25395;L1+F;0;0;0;0;16;19;0;0;0;0;1;1;1;1;1;1;0;0;0;46887;11.1527777778;NA
a321c662-7e33-455c-a546-4414cfaaf468;0;0;0;0;0;NA;NA;NA;NA;NA;NA;34;NA;NA;General Shoes & Clothing;Clothing & Shoes;FALSE;0;0;L1+F;NA;0;0;0;0;0;0;NA;NA;0;0;0;0;0;0;0;0;0;0;0;17.5541666667;NA
8075ae7e-9fa7-4ee1-900b-55da401f25ed;0;0;0;0;0;NA;NA;NA;NA;NA;NA;43;55;NA;Children Clothes & Nurturing products;Children Products;TRUE;2580;2900;Nick;0;0;0;0;0;0;1;0;0;0;2;2;0;0;2;2;0;0;0;2580;11.7225;NA
a3f04d8d-eff7-45da-97b7-3e20cc7abb60;0;0;0;0;0;NA;NA;NA;NA;NA;NA;31;16.0148148148;20.2;Diversified entertainment;Entertainment;TRUE;15620;17365;F;0.0138888889;2;0;0;131;102;4;0;0;3;1;1;1;2;2;2;0;0;0;476276;17.3713888889;1
ce50ac47-f97a-4b08-9e8d-c1030b7e1326;0;0;NA;NA;NA;NA;NA;NA;NA;NA;NA;25;14.75;NA;Diversified entertainment;Entertainment;TRUE;8235;8235;F;0.25;1;0;0;3;2;1;0;0;1;1;1;1;1;2;2;0;0;0;19305;19.9419444444;1
8ef36a53-927b-4444-b8ae-1c8cd56fb8e4;0;0;0;0;0;NA;NA;NA;NA;NA;NA;39;12.75;12.75;Diversified entertainment;Entertainment;TRUE;13935;13935;F+L;0;0;0;0;4;0;0;0;0;0;1;1;1;1;1;1;0;0;0;25379;16.4783333333;NA
b9947cc7-2174-4a71-a7be-c30d73081706;0;0;0;0;0;0;1;1;NA;1;NA;58;26;NA;Books & Magazines;Entertainment;TRUE;3490;4140;F+L;0;0;0;0;1;2;1;0;0;0;1;2;1;0;2;2;0;2000;0;5200;9.4144444444;NA
cbcb06ca-cd1c-4a34-ba88-8936d006e6a0;0;0;0;0;0;NA;NA;NA;NA;NA;NA;18;NA;NA;Diversified entertainment;Entertainment;FALSE;0;0;L1+F;NA;0;0;0;0;0;0;NA;NA;0;0;0;0;0;0;0;0;0;0;0;20.9680555556;NA
627bf841-1494-4f06-8236-edd303190a4f;0;6953;0;0;0;0;1;1;1;1;1;37;15.1666666667;7;Youthful Shoes & Clothing;Clothing & Shoes;TRUE;8643;8643;F1+L;0.1666666667;1;0;0;5;12;1;0;0;1;1;2;1;1;2;2;0;0;6890;24633;17.1177777778;1
ed6d1303-3a51-45de-8dc4-452b58860bfa;0;0;0;0;0;NA;NA;NA;NA;NA;NA;26;NA;NA;Books & Magazines;Entertainment;FALSE;0;0;no_match;NA;0;0;0;0;0;0;NA;NA;0;0;0;0;0;0;0;0;0;0;0;14.1525;NA
59202a72-afc2-40ec-9338-a57f258c68ff;0;10128;0;2;0;0;1;1;2;2;2;35;30.5;NA;Sports gear & Outdoor;Leisure, Sport & Hobby;TRUE;3090;19325;no_match;0;0;0;0;1;4;1;0;0;0;1;2;2;0;2;2;0;48053;4581;5080;8.5194444444;NA
471b3ea6-e7a0-4623-9a0f-5efe32d28baa;0;0;0;0;0;NA;NA;NA;NA;NA;NA;45;12.3846153846;NA;Diversified entertainment;Entertainment;TRUE;6170;6170;F+L;0;0;0;0;13;2;0;0;0;0;1;1;1;1;1;1;0;0;0;40135;19.2602777778;NA
8a0a8162-e06a-43d5-b063-37bfcbb3480f;0;0;0;0;0;NA;1;1;NA;1;1;20;15.2222222222;13.6;Diversified entertainment;Entertainment;TRUE;10511;10511;F;0.1;2;0;1;18;12;0;0;0;3;1;1;1;1;1;3;0;0;0;70456;10.5113888889;1
5798e6a5-4ae2-47de-8385-3da01acfdbc9;0;0;0;0;0;0;1;1;NA;1;NA;45;NA;NA;Diversified Health & Beauty products;Health & Beauty;TRUE;0;0;F+L;NA;0;0;0;0;0;0;NA;NA;0;0;0;0;0;0;0;0;44200;0;0;21.2666666667;NA
c2a05fd5-dfae-4b8d-91f2-647f3c32b985;0;0;0;0;0;0;2;2;1;2;1;47;NA;NA;Diversified entertainment;Entertainment;TRUE;0;0;no_match;NA;0;0;0;0;0;0;NA;NA;0;0;0;0;0;0;0;0;3681;0;0;12.3566666667;NA
9ffa8e81-9e6f-4941-a94d-ee95451a9663;0;32280;0;0;0;0.6096875;1;1;1;1;1;19;17;18;Diversified entertainment;Entertainment;TRUE;5290;5290;F;0.0909090909;1;0;0;11;11;0;0;0;13;1;1;1;1;1;1;0;14713;5642;27000;21.4958333333;1
02c1afbc-c5b8-494f-acd1-1a089b0254de;0;0;0;0;0;NA;NA;NA;NA;NA;NA;29;NA;NA;Books & Magazines;Entertainment;TRUE;14260;14260;F+L;NA;0;0;0;0;1;0;0;0;0;1;0;0;0;0;1;0;0;0;14260;22.2025;NA
8d9b96e9-f3f0-4d1f-ac2c-8f80876d39f8;0;0;0;0;0;NA;NA;NA;NA;NA;NA;52;12.5918367347;10.7142857143;Diversified entertainment;Entertainment;TRUE;44910;44910;no_match;0;0;0;0;49;68;0;0;0;0;1;1;1;1;1;1;0;0;0;183864;18.8505555556;NA
32fe620a-12b4-4ed5-b474-88c20b4bd463;0;2020;0;0;0;0.0059840426;1;1;1;1;1;51;14.1111111111;19;General Shoes & Clothing;Clothing & Shoes;TRUE;9900;9900;L1+F;0;0;0;0;9;7;0;0;0;1;1;1;1;1;1;1;0;2984;0;40485;17.9677777778;NA
718cd4a0-6ae9-4f1e-9c92-2f407874c71e;0;0;0;0;0;NA;NA;NA;NA;NA;NA;60;NA;NA;Diversified Home & Garden products;Home & Garden;FALSE;0;0;no_match;NA;0;0;0;0;0;0;NA;NA;0;0;0;0;0;0;0;0;0;0;0;5.8083333333;NA
ce6c7c20-9f82-49f2-9172-57b6d5ddfb44;0;103042;0;28;0;0.3384896266;1;1;2;2;2;29;22.8;5;Diversified entertainment;Entertainment;TRUE;6490;6490;L1+F;0.1666666667;1;0;0;4;13;1;0;0;3;1;1;1;1;2;2;0;71381;14091;11749;21.3041666667;1
b9200d3c-c1fd-4697-9757-849da8aacd54;0;0;NA;NA;NA;NA;NA;NA;NA;NA;NA;30;37.8333333333;44;Diversified entertainment;Entertainment;TRUE;10985;13578;no_match;0;0;0;0;1;5;5;0;0;0;2;2;2;2;2;2;0;0;0;42717;19.0841666667;NA
8d24ee61-58dc-48ff-8904-6e6d00d5273a;0;0;0;0;0;NA;NA;NA;NA;NA;NA;54;14.2;14;Books & Magazines;Entertainment;TRUE;2785;4695;Nick;0.2;1;0;0;5;3;0;0;0;1;1;1;1;1;1;1;0;0;0;10133;8.2597222222;1
3d60bbf5-336c-4371-8b31-0a0e331bf014;0;0;0;0;0;NA;1;1;1;1;1;25;31;NA;Cosmetics;Health & Beauty;TRUE;10260;10260;F+L;0.2222222222;2;2;0;6;9;1;0;0;2;3;3;1;3;3;3;0;0;0;39659;20.7838888889;2
dd367d49-cfb4-40ac-81fe-3f1f3ca83c93;0;0;0;0;0;NA;NA;NA;NA;NA;NA;34;13;NA;Diversified entertainment;Entertainment;TRUE;1790;1995;F+L;0;0;0;0;1;3;0;0;0;0;1;1;1;0;1;1;0;0;0;1790;15.7394444444;NA
1442215a-6f15-4179-93e0-6202a20fcf6f;0;0;0;0;0;NA;NA;NA;NA;NA;NA;51;9.5;12;Diversified children products;Children Products;TRUE;2830;2830;F;0;0;0;0;2;0;0;0;0;0;1;1;0;1;1;1;0;0;0;5660;17.355;NA
09cb5fef-f652-4c12-bb73-742848a2a061;0;0;0;0;0;NA;NA;NA;NA;NA;NA;56;12.3333333333;13;Diversified entertainment;Entertainment;TRUE;6965;6965;F+L;0;0;0;0;3;0;0;0;0;0;1;1;1;1;1;1;0;0;0;10650;13.4091666667;NA
5462058c-2532-4e12-acd7-992b0d20a5d1;0;0;0;0;0;NA;NA;NA;NA;NA;NA;28;NA;NA;Tools & Home improvement;Home & Garden;FALSE;0;0;L1+F;NA;0;0;0;0;0;0;NA;NA;0;0;0;0;0;0;0;0;0;0;0;8.6208333333;NA
7bfab5d5-981c-4428-84f6-86474c7285ba;0;0;0;0;0;NA;NA;NA;NA;NA;NA;52;7.2207792208;5.4615384615;Diversified entertainment;Entertainment;TRUE;32748;32748;L;0.038961039;3;0;0;74;29;0;0;0;4;1;1;1;1;1;1;0;0;0;343589;14.6716666667;1
851c3de8-8e9c-4171-9230-e474915deeae;0;0;NA;NA;NA;NA;NA;NA;NA;NA;NA;18;6;NA;Diversified Health & Beauty products;Health & Beauty;TRUE;3975;3975;L1+F;1;1;0;0;1;0;0;0;0;1;1;0;0;0;1;1;0;0;0;3975;10.9213888889;1
0ec4b645-ae17-451f-96bd-6133a884f3e1;0;3943;0;0;0;0;1;1;1;1;1;21;6.3684210526;8.4;Diversified entertainment;Entertainment;TRUE;8480;8480;L1+F;0.1052631579;2;0;0;18;12;0;0;0;2;1;1;1;1;1;1;0;0;0;53198;11.2575;1
36c56b82-021c-445f-9b44-b3da349b32d0;0;0;0;0;0;NA;NA;NA;NA;NA;NA;20;NA;NA;Diversified entertainment;Entertainment;FALSE;0;0;F+L;NA;0;0;0;0;0;0;NA;NA;0;0;0;0;0;0;0;0;0;0;0;14.9030555556;NA
25c8a4d1-162c-4fe1-ab90-b603a401c3f4;0;0;0;0;0;NA;NA;NA;NA;NA;NA;42;NA;NA;Hobby articles;Leisure, Sport & Hobby;FALSE;0;0;L1+F;NA;0;0;0;0;0;0;NA;NA;0;0;0;0;0;0;0;0;0;0;0;17.5672222222;NA
6ec79a60-5736-412b-be3e-a7d7fdbe1e17;0;0;0;0;0;NA;NA;NA;NA;NA;NA;38;7.5;7.5;Electronic equipment & Related accessories;Electronics;TRUE;12595;12595;F+L;0.5;1;0;0;2;0;0;0;0;1;1;1;0;1;1;1;0;0;0;15185;20.4613888889;1
42b4e584-d8f5-4fef-aff5-c334121eb2bd;0;0;0;0;0;NA;1;1;NA;NA;NA;19;16;NA;Diversified electronics;Electronics;TRUE;30250;30250;Nick;0;0;0;0;3;0;0;0;0;2;1;1;1;1;1;1;0;0;0;50893;15.2097222222;NA
0cb2740c-1efa-44d8-83b0-3bc5e813180e;0;42293;0;0;0;0.4208882066;1;1;1;1;1;38;36;NA;General Shoes & Clothing;Clothing & Shoes;TRUE;24085;48200;F;1.5;3;0;0;1;10;1;0;0;3;1;2;1;0;2;2;0;20245;14163;50810;21.5266666667;1
f7a130bb-6520-4d04-9baf-0baddf0653d6;0;0;0;0;0;NA;NA;NA;NA;NA;NA;34;29;NA;Youthful Shoes & Clothing;Clothing & Shoes;TRUE;2095;2095;F1+L;0;0;0;0;1;0;0;0;0;0;1;0;0;1;1;1;0;0;0;4085;12.5130555556;NA
88f3368d-1113-4721-a575-edf068329c09;0;81857;0;4;0;0.3441804058;2;2;2;1;2;51;19.0842696629;23.7096774194;Diversified entertainment;Entertainment;TRUE;21144;30600;F;0.0378378378;7;0;0;176;86;2;0;0;12;1;1;1;1;2;2;0;31299;91667;577465;20.2461111111;1
aa99da23-7811-45ea-9e51-205bf2a10235;0;0;0;0;0;2.1821333333;1;1;NA;1;1;37;9.5;8.8571428571;Books & Magazines;Entertainment;TRUE;7500;7500;L1+F;0;0;0;0;10;0;0;0;0;12;1;1;1;1;1;1;0;13832;0;29835;19.1075;NA
bfc72982-a61d-45e8-ad0c-7b2e54ec3103;0;0;0;0;0;NA;NA;NA;NA;NA;NA;24;14;NA;Diversified entertainment;Entertainment;TRUE;2090;2387;no_match;0;0;0;0;1;3;0;0;0;1;1;1;1;0;1;1;0;0;0;2090;14.8380555556;NA
6ec21935-58e3-4a4c-8dcd-d749901e6d90;0;0;0;0;0;0;1;1;NA;1;NA;53;22.2307692308;19;Youthful Shoes & Clothing;Clothing & Shoes;TRUE;13600;13600;no_match;0.0769230769;1;0;0;12;6;1;0;0;1;1;1;1;1;2;2;0;0;0;77229;15.9513888889;1
cdb87158-9745-466d-867e-3f10a7ea6a70;0;0;0;0;0;NA;NA;NA;NA;NA;NA;20;11;8;Diversified entertainment;Entertainment;TRUE;6590;6590;L1+F;0;0;0;0;2;0;0;0;0;0;1;1;0;1;1;1;0;0;0;10425;11.6494444444;NA
